trader_id,description,manufacturer_part_number,brand_name,address,products_img,madeIn,price,is_offer,offer_price,offer_start_date,offer_end_date,rating,review_count,type,is_best_seller,is_mobilawy,assembly_kit,product_line,frontOrRear,tyre_speed_rate,maximum_tyre_load,tyre_engraving,rim_diameter,tyre_height,tyre_width,kilometer,oil_type,battery_replacement_available,volt,ampere,liter,color,Number_spark_pulgs,created_at,businessCategories_id,enabled,products_name,warranty,disabled_at,updated_at,status,qtyInStock,deletedAt,Brand,Year,Model,first_img_src
16,"Suspension ['JAGUAR', 'F-TYPE', '2014-2022', 'JAGUAR', 'S-TYPE', '2000-2008', 'JAGUAR', 'XF', '2009-2017', 'JAGUAR', 'XJ', '2010-2019', 'JAGUAR', 'XJR575', '2018', 'JAGUAR', 'XK', '2007-2015', 'JAGUAR', 'XKR', '2007-2015']",TC3547,JAGUAR,"[{""address"":""Acura Almulla, Car Dealer Rd, Kuwait"",""location"":""https://maps.app.goo.gl/J3oPuFs33svZGpK89""}]",images_2/JAGUAR/JAGUAR___XF___2.0L_L4_DIESEL_Turbocharged___Control_Arm___TC3547___20399.jpg,,75,0,0,,,0,0,Daily Driver ,0,0,1,,Rear Right,,,,,,,0,,0,,,0,,,14/08/2024,1,1,Control Arm,,,,Accepted,500,,JAGUAR,2017,XF,https://www.rockauto.com/info/43/TC3547A__ra_m.jpg
16,"Suspension ['JAGUAR', 'S-TYPE', '2000-2008', 'JAGUAR', 'XF', '2009-2017', 'JAGUAR', 'XJ', '2010-2019', 'JAGUAR', 'XJR575', '2018', 'JAGUAR', 'XK', '2007-2015', 'JAGUAR', 'XKR', '2007-2015']",TC3546,JAGUAR,"[{""address"":""Acura Almulla, Car Dealer Rd, Kuwait"",""location"":""https://maps.app.goo.gl/J3oPuFs33svZGpK89""}]",images_2/JAGUAR/JAGUAR___XF___2.0L_L4_DIESEL_Turbocharged___Control_Arm___TC3546___6407.jpg,,75,0,0,,,0,0,Daily Driver ,0,0,1,,Rear Left,,,,,,,0,,0,,,0,,,14/08/2024,1,1,Control Arm,,,,Accepted,500,,JAGUAR,2017,XF,https://www.rockauto.com/info/43/TC3546A__ra_m.jpg
16,"Suspension ['JAGUAR', 'XE', '2016-2020', 'JAGUAR', 'XF', '2016-2023']",527106,JAGUAR,"[{""address"":""Acura Almulla, Car Dealer Rd, Kuwait"",""location"":""https://maps.app.goo.gl/J3oPuFs33svZGpK89""}]",images_2/JAGUAR/JAGUAR___XF___2.0L_L4_DIESEL_Turbocharged___Control_Arm___527106___27114.jpg,,120,0,0,,,0,0,Economy ,0,0,1,,Front Right,,,,,,,0,,0,,,0,,,14/08/2024,1,1,Control Arm,,,,Accepted,500,,JAGUAR,2017,XF,https://www.rockauto.com/info/42/CB24034-007__ra_m.jpg
16,"Suspension ['JAGUAR', 'XE', '2016-2020', 'JAGUAR', 'XF', '2016-2023']",527105,JAGUAR,"[{""address"":""Acura Almulla, Car Dealer Rd, Kuwait"",""location"":""https://maps.app.goo.gl/J3oPuFs33svZGpK89""}]",images_2/JAGUAR/JAGUAR___XF___2.0L_L4_DIESEL_Turbocharged___Control_Arm___527105___81036.jpg,,120,0,0,,,0,0,Economy ,0,0,1,,Front Left,,,,,,,0,,0,,,0,,,14/08/2024,1,1,Control Arm,,,,Accepted,500,,JAGUAR,2017,XF,https://www.rockauto.com/info/42/CB24033-007__ra_m.jpg
16,"Suspension ['JAGUAR', 'XE', '2016-2021', 'JAGUAR', 'XF', '2016-2021']",527091,JAGUAR,"[{""address"":""Acura Almulla, Car Dealer Rd, Kuwait"",""location"":""https://maps.app.goo.gl/J3oPuFs33svZGpK89""}]",images_2/JAGUAR/JAGUAR___XF___2.0L_L4_DIESEL_Turbocharged___Control_Arm___527091___48376.jpg,,105,0,0,,,0,0,Economy ,0,0,1,,Front,,,,,,,0,,0,,,0,,,14/08/2024,1,1,Control Arm,,,,Accepted,500,,JAGUAR,2017,XF,https://www.rockauto.com/info/42/CA24135-001__ra_m.jpg
16,"Exhaust & Emission ['JAGUAR', 'XF', '2010-2012', 'JAGUAR', 'XJ', '2010-2012', 'JAGUAR', 'XK', '2010-2015', 'JAGUAR', 'XKR', '2010-2015', 'VOLVO', 'S40', '2007-2010', 'VOLVO', 'V50', '2007-2010']",25706,JAGUAR,"[{""address"":""Acura Almulla, Car Dealer Rd, Kuwait"",""location"":""https://maps.app.goo.gl/J3oPuFs33svZGpK89""}]",images_2/JAGUAR/JAGUAR___XKR___5.0L_V8_Supercharged___Oxygen__O2__Sensor___25706___83445.jpg,,114,0,0,,,0,0,Daily Driver ,0,0,1,,,,,,,,,0,,0,,,0,,,14/08/2024,1,1,Oxygen (O2) Sensor,,,,Accepted,500,,JAGUAR,2015,XKR,https://www.rockauto.com/info/182/NTK25706-1__ra_m.jpg
16,"Exhaust & Emission ['JAGUAR', 'XF', '2010-2012', 'JAGUAR', 'XJ', '2010-2012', 'JAGUAR', 'XK', '2010-2015', 'JAGUAR', 'XKR', '2010-2015']",2349094,JAGUAR,"[{""address"":""Acura Almulla, Car Dealer Rd, Kuwait"",""location"":""https://maps.app.goo.gl/J3oPuFs33svZGpK89""}]",images_2/JAGUAR/JAGUAR___XKR___5.0L_V8_Supercharged___Oxygen__O2__Sensor___2349094___69318.jpg,,46,0,0,,,0,0,Economy ,0,0,1,,Left,,,,,,,0,,0,,,0,,,14/08/2024,1,1,Oxygen (O2) Sensor,,,,Accepted,500,,JAGUAR,2015,XKR,https://www.rockauto.com/info/6770/6770_ULTRAPOWER%20DENSO_2349094_1__ra_m.jpg
16,"Engine ['ACURA', '2001-2012', 'CADILLAC', '2014-2016', 'CHEVROLET', '2014-2017', 'CHRYSLER', '2002-2019', 'DODGE', '2003-2019', 'FORD', '1993-2018', 'GENESIS', '2018', 'HONDA', '1998-2009', 'HYUNDAI', '2006-2019', 'JAGUAR', '2011-2015', 'JEEP', '2004-2015', 'KIA', '2002-2016', 'LAND ROVER', '2010-2013', 'LEXUS', '2008-2017', 'LINCOLN', '1993-2019', 'MAZDA', '2000-2015', 'MERCURY', '1993-2011', 'MITSUBISHI', '2008-2016', 'PONTIAC', '2007', 'RAM', '2013-2019', 'TOYOTA', '2008-2009', 'VOLKSWAGEN', '2014']",882230,JAGUAR,"[{""address"":""Acura Almulla, Car Dealer Rd, Kuwait"",""location"":""https://maps.app.goo.gl/J3oPuFs33svZGpK89""}]",images_2/JAGUAR/JAGUAR___XJ___5.0L_V8___Oil___882230___37232.jpg,,25,0,0,,,0,0,Full Synthetic ,0,0,1,,,,,,,,,0,,0,,,0,,,14/08/2024,1,1,Oil,,,,Accepted,500,,JAGUAR,2012,XJ,https://www.rockauto.com/info/272/882230_1__ra_m.jpg
16,"Brake & Wheel Hub ['JAGUAR', 'XKR', '2008-2009']",355014091,JAGUAR,"[{""address"":""Acura Almulla, Car Dealer Rd, Kuwait"",""location"":""https://maps.app.goo.gl/J3oPuFs33svZGpK89""}]",images_2/JAGUAR/JAGUAR___XKR___4.2L_V8_Supercharged___Brake_Pad___355014091___37731.jpg,,103,0,0,,,0,0,Daily Driver ,0,0,1,,Front,,,,,,,0,,0,,,0,,,14/08/2024,1,1,Brake Pad,,,,Accepted,500,,JAGUAR,2009,XKR,https://www.rockauto.com/info/978/355014091.MAIN__ra_m.jpg
16,"Brake & Wheel Hub ['JAGUAR', 'XKR', '2008-2009']",P36024,JAGUAR,"[{""address"":""Acura Almulla, Car Dealer Rd, Kuwait"",""location"":""https://maps.app.goo.gl/J3oPuFs33svZGpK89""}]",images_2/JAGUAR/JAGUAR___XKR___4.2L_V8_Supercharged___Brake_Pad___P36024___81150.jpg,,55,0,0,,,0,0,Daily Driver ,0,0,1,,Rear,,,,,,,0,,0,,,0,,,14/08/2024,1,1,Brake Pad,,,,Accepted,500,,JAGUAR,2009,XKR,https://www.rockauto.com/info/249/P36024__ra_m.jpg
16,"Brake & Wheel Hub ['', '', '']",0891812,JAGUAR,"[{""address"":""Acura Almulla, Car Dealer Rd, Kuwait"",""location"":""https://maps.app.goo.gl/J3oPuFs33svZGpK89""}]",images_2/JAGUAR/JAGUAR___XKR___4.2L_V8_Supercharged___Brake_Pad___0891812___37193.jpg,,17,0,0,,,0,0,Daily Driver ,0,0,1,,,,,,,,,0,,0,,,0,,,14/08/2024,1,1,Brake Pad,,,,Accepted,500,,JAGUAR,2009,XKR,https://www.rockauto.com/info/31/BA0891812-1__ra_m.jpg
16,"Electrical-Connector ['JAGUAR', 'F-TYPE', '2014-2017', 'JAGUAR', 'SUPER V8', '2005-2007', 'JAGUAR', 'XE', '2017', 'JAGUAR', 'XF', '2012-2017', 'JAGUAR', 'XJ', '2010-2016', 'JAGUAR', 'XJR', '2014-2016', 'JAGUAR', 'XK', '2007-2015', 'JAGUAR', 'XKR', '2004-2015', 'LEXUS', 'CT200H', '2013-2017', 'LEXUS', 'ES300H', '2013-2017', 'LEXUS', 'ES350', '2014-2017', 'LEXUS', 'GS F', '2016-2017', 'LEXUS', 'GS200T', '2016-2017', 'LEXUS', 'GS350', '2014-2017', 'LEXUS', 'GS450H', '2007-2017', 'LEXUS', 'GS460', '2008-2011', 'LEXUS', 'GX460', '2014-2017', 'LEXUS', 'HS250H', '2010-2012', 'LEXUS', 'IS F', '2008-2014', 'LEXUS', 'IS200T', '2016-2017', 'LEXUS', 'IS250', '2006-2015', 'LEXUS', 'IS300', '2016-2017', 'LEXUS', 'IS350', '2006-2017', 'LEXUS', 'LFA', '2012', 'LEXUS', 'LS430', '2001-2004', 'LEXUS', 'LS460', '2007-2017', 'LEXUS', 'LS600H', '2008-2016', 'LEXUS', 'LX570', '2008-2017', 'LEXUS', 'NX200T', '2015-2017', 'LEXUS', 'NX300H', '2015-2017', 'LEXUS', 'RC F', '2015-2017', 'LEXUS', 'RC200T', '2016-2017', 'LEXUS', 'RC300', '2016-2017', 'LEXUS', 'RC350', '2015-2017', 'LEXUS', 'RX330', '2006', 'LEXUS', 'RX350', '2007-2017', 'LEXUS', 'RX450H', '2010-2017', 'SCION', 'FR-S', '2013-2016', 'SCION', 'IA', '2016', 'SCION', 'IM', '2016', 'SCION', 'IQ', '2012-2015', 'SCION', 'TC', '2005-2016', 'SCION', 'XB', '2015', 'SCION', 'XD', '2008-2014', 'SUBARU', 'LEGACY', '2010-2012', 'SUBARU', 'OUTBACK', '2012', 'SUZUKI', 'GRAND VITARA', '2009-2013', 'TOYOTA', 'AVALON', '2012-2017', 'TOYOTA', 'CAMRY', '2007-2017', 'TOYOTA', 'COROLLA', '2013-2017', 'TOYOTA', 'HIGHLANDER', '2014-2017', 'TOYOTA', 'LAND CRUISER', '2008-2017', 'TOYOTA', 'PRIUS', '2012-2017', 'TOYOTA', 'PRIUS C', '2012-2017', 'TOYOTA', 'PRIUS PLUG-IN', '2013-2015', 'TOYOTA', 'PRIUS V', '2012-2017', 'TOYOTA', 'RAV4', '2012-2017', 'TOYOTA', 'SEQUOIA', '2012-2017', 'TOYOTA', 'SIENNA', '2012-2017', 'TOYOTA', 'VENZA', '2015-2016', 'TOYOTA', 'YARIS', '2016-2017']",1711993,JAGUAR,"[{""address"":""Acura Almulla, Car Dealer Rd, Kuwait"",""location"":""https://maps.app.goo.gl/J3oPuFs33svZGpK89""}]",images_2/JAGUAR/JAGUAR___SUPER_V8___4.2L_V8_Supercharged___A_C_Refrigerant_Pressure_Sensor_Connector___1711993___66328.jpg,,5,0,0,,,0,0,none,0,0,1,,,,,,,,,0,,0,,,0,,,14/08/2024,1,1,A/C Refrigerant Pressure Sensor Connector,,,,Accepted,500,,JAGUAR,2007,SUPER V8,https://www.rockauto.com/info/577/1711993-1__ra_m.jpg
16,"Electrical-Connector ['FORD', 'BRONCO', '1995-1996', 'FORD', 'CROWN VICTORIA', '1993-2006', 'FORD', 'E-150', '2008-2009', 'FORD', 'E-250', '2007-2009', 'FORD', 'E-350', '2007-2009', 'FORD', 'E-450', '2008-2010', 'FORD', 'E-550', '2002', 'FORD', 'EDGE', '2010-2012', 'FORD', 'ESCAPE', '2003-2012', 'FORD', 'ESCORT', '1998-2003', 'FORD', 'EXCURSION', '2000-2004', 'FORD', 'EXPEDITION', '1998-2010', 'FORD', 'EXPLORER', '1993-2011', 'FORD', 'EXPLORER SPORT TRAC', '2003-2010', 'FORD', 'F-100', '1997-2001', 'FORD', 'F-150', '1997-2011', 'FORD', 'F-150 HERITAGE', '2004', 'FORD', 'F-250', '1997-1999', 'FORD', 'F-250 SUPER DUTY', '1999-2009', 'FORD', 'F-350', '1997-1998', 'FORD', 'F-350 SUPER DUTY', '2000-2009', 'FORD', 'F-450 SUPER DUTY', '2003-2010', 'FORD', 'F-550 SUPER DUTY', '1999-2010', 'FORD', 'F-650', '2004', 'FORD', 'F-750', '2004', 'FORD', 'F53', '2011', 'FORD', 'FIVE HUNDRED', '2007', 'FORD', 'FOCUS', '2008-2009', 'FORD', 'FREESTAR', '2004-2007', 'FORD', 'FREESTYLE', '2005-2007', 'FORD', 'GRAND MARQUIS', '1995-2004', 'FORD', 'GT', '2005', 'FORD', 'MUSTANG', '1994-2010', 'FORD', 'RANGER', '1995-2009', 'FORD', 'TAURUS', '1990-2009', 'FORD', 'TAURUS X', '2008-2009', 'FORD', 'THUNDERBIRD', '1993-2005', 'FORD', 'WINDSTAR', '1995-2003', 'JAGUAR', 'S-TYPE', '2000-2008', 'JAGUAR', 'SUPER V8', '2007-2008', 'JAGUAR', 'VANDEN PLAS', '2007-2008', 'JAGUAR', 'XF', '2009-2015', 'JAGUAR', 'XJ', '2011-2018', 'JAGUAR', 'XJ8', '2007-2008', 'JAGUAR', 'XJR', '2007-2015', 'JAGUAR', 'XK', '2008', 'JAGUAR', 'XKR', '2008-2013', 'JEEP', 'LIBERTY', '2005', 'KIA', 'SEPHIA', '1995-1998', 'LINCOLN', 'AVIATOR', '2005', 'LINCOLN', 'BLACKWOOD', '2002', 'LINCOLN', 'CONTINENTAL', '1991-2000', 'LINCOLN', 'LS', '2000-2005', 'LINCOLN', 'MARK LT', '2006-2010', 'LINCOLN', 'MARK VIII', '1993-1996', 'LINCOLN', 'MKS', '2011-2012', 'LINCOLN', 'MKX', '2008-2015', 'LINCOLN', 'NAVIGATOR', '1998-2005', 'LINCOLN', 'TOWN CAR', '1990-2010', 'MAZDA', 'B2300', '2001-2009', 'MAZDA', 'B2500', '2000', 'MAZDA', 'B3000', '1997-2005', 'MAZDA', 'B4000', '1995-2009', 'MAZDA', 'TRIBUTE', '2004-2010', 'MERCURY', 'COUGAR', '1993-1997', 'MERCURY', 'GRAND MARQUIS', '1992-2006', 'MERCURY', 'MARAUDER', '2003', 'MERCURY', 'MARINER', '2005-2011', 'MERCURY', 'MONTEGO', '2005', 'MERCURY', 'MONTEREY', '2004-2006', 'MERCURY', 'MOUNTAINEER', '1997-2010', 'MERCURY', 'SABLE', '1991-2009', 'MERCURY', 'TRACER', '1997-1998']",S1021,JAGUAR,"[{""address"":""Acura Almulla, Car Dealer Rd, Kuwait"",""location"":""https://maps.app.goo.gl/J3oPuFs33svZGpK89""}]",images_2/JAGUAR/JAGUAR___SUPER_V8___4.2L_V8_Supercharged___ABS_Wheel_Speed_Sensor_Connector___S1021___42310.jpg,,15,0,0,,,0,0,none,0,0,1,,Front,,,,,,,0,,0,,,0,,,14/08/2024,1,1,ABS Wheel Speed Sensor Connector,,,,Accepted,500,,JAGUAR,2007,SUPER V8,https://www.rockauto.com/info/154/S-1021_Angle__ra_m.jpg
16,"Electrical-Connector ['ASUNA', '1993', 'BUICK', '1982-2016', 'CADILLAC', '1985-2014', 'CHEVROLET', '1982-2018', 'DAEWOO', '1999-2001', 'DODGE', '1992-2016', 'GENESIS', '2018', 'GMC', '1987-2016', 'HUMMER', '2003-2005', 'ISUZU', '1999', 'JAGUAR', '1998-2008', 'JEEP', '1992-1995', 'OLDSMOBILE', '1989-2003', 'PONTIAC', '1984-2008', 'SAAB', '1995-2010', 'SATURN', '2001-2007']",PT2307,JAGUAR,"[{""address"":""Acura Almulla, Car Dealer Rd, Kuwait"",""location"":""https://maps.app.goo.gl/J3oPuFs33svZGpK89""}]",images_2/JAGUAR/JAGUAR___SUPER_V8___4.2L_V8_Supercharged___ABS_Wheel_Speed_Sensor_Connector___PT2307___65316.jpg,,15,0,0,,,0,0,none,0,0,1,,Rear,,,,,,,0,,0,,,0,,,14/08/2024,1,1,ABS Wheel Speed Sensor Connector,,,,Accepted,500,,JAGUAR,2007,SUPER V8,https://www.rockauto.com/info/316/PT2307_Primary__ra_m.jpg
16,"Electrical-Connector ['CHEVROLET', 'IMPALA', '2000-2005', 'FORD', 'BRONCO', '1995-1996', 'FORD', 'CROWN VICTORIA', '1993-2006', 'FORD', 'E-150', '2008-2009', 'FORD', 'E-250', '2007-2009', 'FORD', 'E-350', '2007-2009', 'FORD', 'E-450', '2008-2010', 'FORD', 'E-550', '2002', 'FORD', 'EDGE', '2010-2012', 'FORD', 'ESCAPE', '2003-2012', 'FORD', 'ESCORT', '1998-2003', 'FORD', 'EXCURSION', '2000-2004', 'FORD', 'EXPEDITION', '1998-2010', 'FORD', 'EXPLORER', '1993-2011', 'FORD', 'EXPLORER SPORT TRAC', '2003-2010', 'FORD', 'F-100', '1997-2001', 'FORD', 'F-150', '1997-2011', 'FORD', 'F-150 HERITAGE', '2004', 'FORD', 'F-250', '1997-1999', 'FORD', 'F-250 SUPER DUTY', '1999-2009', 'FORD', 'F-350', '1997-1998', 'FORD', 'F-350 SUPER DUTY', '2000-2009', 'FORD', 'F-450 SUPER DUTY', '2003-2010', 'FORD', 'F-550 SUPER DUTY', '1999-2010', 'FORD', 'F-650', '2004', 'FORD', 'F-750', '2004', 'FORD', 'F53', '2011', 'FORD', 'FIVE HUNDRED', '2007', 'FORD', 'FOCUS', '2008-2009', 'FORD', 'FREESTAR', '2004-2007', 'FORD', 'FREESTYLE', '2005-2007', 'FORD', 'GRAND MARQUIS', '1995-2004', 'FORD', 'GT', '2005', 'FORD', 'MUSTANG', '1994-2010', 'FORD', 'RANGER', '1995-2009', 'FORD', 'TAURUS', '1990-2009', 'FORD', 'TAURUS X', '2008-2009', 'FORD', 'THUNDERBIRD', '1993-2005', 'FORD', 'WINDSTAR', '1995-2003', 'JAGUAR', 'S-TYPE', '2000-2008', 'JAGUAR', 'SUPER V8', '2007-2008', 'JAGUAR', 'VANDEN PLAS', '2007-2008', 'JAGUAR', 'XF', '2009-2015', 'JAGUAR', 'XJ', '2011-2018', 'JAGUAR', 'XJ8', '2007-2008', 'JAGUAR', 'XJR', '2007-2015', 'JAGUAR', 'XK', '2008', 'JAGUAR', 'XKR', '2013', 'JEEP', 'LIBERTY', '2005', 'KIA', 'SEPHIA', '1995-1998', 'LINCOLN', 'AVIATOR', '2005', 'LINCOLN', 'BLACKWOOD', '2002', 'LINCOLN', 'CONTINENTAL', '1991-2000', 'LINCOLN', 'LS', '2000-2005', 'LINCOLN', 'MARK LT', '2006', 'LINCOLN', 'MARK VIII', '1993-1996', 'LINCOLN', 'MKS', '2011-2012', 'LINCOLN', 'MKX', '2008-2015', 'LINCOLN', 'NAVIGATOR', '1998-2005', 'LINCOLN', 'TOWN CAR', '1990-2010', 'MAZDA', 'B2300', '2001-2009', 'MAZDA', 'B2500', '2000', 'MAZDA', 'B3000', '1997-2005', 'MAZDA', 'B4000', '1995-2009', 'MAZDA', 'TRIBUTE', '2004-2010', 'MERCURY', 'COUGAR', '1993-1997', 'MERCURY', 'GRAND MARQUIS', '1992-2006', 'MERCURY', 'MARAUDER', '2003', 'MERCURY', 'MARINER', '2005-2011', 'MERCURY', 'MONTEGO', '2005', 'MERCURY', 'MONTEREY', '2004-2006', 'MERCURY', 'MOUNTAINEER', '1997-2010', 'MERCURY', 'SABLE', '1991-2000', 'MERCURY', 'TRACER', '1997-1998']",CON4,JAGUAR,"[{""address"":""Acura Almulla, Car Dealer Rd, Kuwait"",""location"":""https://maps.app.goo.gl/J3oPuFs33svZGpK89""}]",images_2/JAGUAR/JAGUAR___SUPER_V8___4.2L_V8_Supercharged___ABS_Wheel_Speed_Sensor_Connector___CON4___47814.jpg,,9,0,0,,,0,0,none,0,0,1,,,,,,,,,0,,0,,,0,,,14/08/2024,1,1,ABS Wheel Speed Sensor Connector,,,,Accepted,500,,JAGUAR,2007,SUPER V8,https://www.rockauto.com/info/121/121_CON4_01__ra_m.jpg
16,"Electrical-Connector ['CADILLAC', 'CTS', '2003-2004', 'CHRYSLER', 'SEBRING', '2001-2002', 'DODGE', 'STRATUS', '2001-2002', 'JAGUAR', 'SUPER V8', '2005-2009', 'JAGUAR', 'VANDEN PLAS', '2000-2009', 'JAGUAR', 'XJ8', '1998-2009', 'JAGUAR', 'XJR', '1998-2009', 'JAGUAR', 'XK', '2008-2015', 'JAGUAR', 'XK8', '1997-2006', 'JAGUAR', 'XKR', '2000-2015', 'LAND ROVER', 'DISCOVERY', '1999-2004', 'LAND ROVER', 'FREELANDER', '2002-2004', 'LAND ROVER', 'LR3', '2007', 'LAND ROVER', 'RANGE ROVER SPORT', '2006-2007', 'LEXUS', 'ES300', '1995-2000', 'LEXUS', 'ES330', '2004-2006', 'LEXUS', 'ES350', '2007-2015', 'LEXUS', 'GS300', '1995-2004', 'LEXUS', 'GS400', '1998-2000', 'LEXUS', 'GS430', '2001-2004', 'LEXUS', 'GX460', '2013-2019', 'LEXUS', 'GX470', '2003-2007', 'LEXUS', 'HS250H', '2010-2012', 'LEXUS', 'IS250', '2006-2010', 'LEXUS', 'IS300', '2001-2004', 'LEXUS', 'IS350', '2006-2010', 'LEXUS', 'LS400', '1995-2000', 'LEXUS', 'LS430', '2001-2006', 'LEXUS', 'LS460', '2007-2017', 'LEXUS', 'LS600H', '2008-2015', 'LEXUS', 'LX470', '1998-2006', 'LEXUS', 'LX570', '2008-2015', 'LEXUS', 'RX300', '1999-2003', 'LEXUS', 'RX330', '2004-2006', 'LEXUS', 'RX350', '2007-2015', 'LEXUS', 'RX450H', '2010-2015', 'LEXUS', 'SC300', '1992-1999', 'LEXUS', 'SC400', '1995-2000', 'LEXUS', 'SC430', '2002-2007', 'MITSUBISHI', 'LANCER', '2008-2011', 'MITSUBISHI', 'MONTERO', '2001-2006', 'MITSUBISHI', 'OUTLANDER', '2007-2011', 'PONTIAC', 'VIBE', '2010', 'SCION', 'FR-S', '2013-2016', 'SCION', 'TC', '2005-2015', 'SCION', 'XB', '2010-2015', 'SCION', 'XD', '2010', 'SUBARU', 'B9 TRIBECA', '2007', 'SUBARU', 'BRZ', '2013-2018', 'SUBARU', 'CROSSTREK', '2018', 'SUBARU', 'LEGACY', '2005-2015', 'SUBARU', 'OUTBACK', '2005-2015', 'SUBARU', 'TRIBECA', '2008-2012', 'SUZUKI', 'GRAND VITARA', '2006-2013', 'SUZUKI', 'KIZASHI', '2012-2013', 'SUZUKI', 'SX4', '2009-2013', 'TOYOTA', '4RUNNER', '1999-2019', 'TOYOTA', '86', '2017-2020', 'TOYOTA', 'AVALON', '1995-2018', 'TOYOTA', 'CAMRY', '1998-2022', 'TOYOTA', 'CELICA', '2003-2005', 'TOYOTA', 'COROLLA', '2009-2022', 'TOYOTA', 'FJ CRUISER', '2007-2014', 'TOYOTA', 'HIGHLANDER', '2001-2019', 'TOYOTA', 'LAND CRUISER', '1998-2021', 'TOYOTA', 'MATRIX', '2009-2013', 'TOYOTA', 'PRIUS', '2002-2015', 'TOYOTA', 'PRIUS C', '2012-2018', 'TOYOTA', 'RAV4', '1998-2018', 'TOYOTA', 'SEQUOIA', '2002-2020', 'TOYOTA', 'SIENNA', '2002-2018', 'TOYOTA', 'SOLARA', '1999-2008', 'TOYOTA', 'SUPRA', '1993-1998', 'TOYOTA', 'TACOMA', '2005-2018', 'TOYOTA', 'TUNDRA', '2004-2018', 'TOYOTA', 'VENZA', '2009-2015', 'TOYOTA', 'YARIS', '2007-2018', 'VOLVO', 'S40', '2003-2004', 'VOLVO', 'V40', '2002-2003']",S986,JAGUAR,"[{""address"":""Acura Almulla, Car Dealer Rd, Kuwait"",""location"":""https://maps.app.goo.gl/J3oPuFs33svZGpK89""}]",images_2/JAGUAR/JAGUAR___SUPER_V8___4.2L_V8_Supercharged___Ambient_Air_Temperature_Sensor_Connector___S986___33734.jpg,,28,0,0,,,0,0,none,0,0,1,,,,,,,,,0,,0,,,0,,,14/08/2024,1,1,Ambient Air Temperature Sensor Connector,,,,Accepted,500,,JAGUAR,2007,SUPER V8,https://www.rockauto.com/info/154/S-986_Front__ra_m.jpg
16,"Electrical-Connector ['ACURA', 'CL', '2001-2003', 'ACURA', 'MDX', '2001-2006', 'ACURA', 'RL', '2005-2012', 'ACURA', 'TL', '1999-2014', 'ACURA', 'ZDX', '2010-2013', 'CHEVROLET', 'NOVA', '1985-1988', 'CHEVROLET', 'PRIZM', '1998-2002', 'DODGE', 'AVENGER', '1995-1999', 'FORD', 'EDGE', '2007-2015', 'GEO', 'PRIZM', '1989-1997', 'HONDA', 'ACCORD', '1998-2002', 'HONDA', 'CIVIC', '2002-2005', 'HONDA', 'ODYSSEY', '1999-2017', 'HONDA', 'PILOT', '2003-2008', 'HONDA', 'RIDGELINE', '2006-2014', 'HONDA', 'S2000', '2000-2009', 'HYUNDAI', 'ACCENT', '2000-2005', 'HYUNDAI', 'ELANTRA', '2001-2005', 'HYUNDAI', 'SONATA', '2002-2005', 'HYUNDAI', 'TIBURON', '2003-2005', 'JAGUAR', 'SUPER V8', '2005-2009', 'JAGUAR', 'VANDEN PLAS', '2003-2009', 'JAGUAR', 'XJ8', '2003-2009', 'JAGUAR', 'XJR', '2003-2009', 'LAND ROVER', 'LR3', '2005-2009', 'LAND ROVER', 'LR4', '2010-2016', 'LAND ROVER', 'RANGE ROVER SPORT', '2006-2013', 'LEXUS', 'ES250', '1990-1991', 'LEXUS', 'ES300', '1992-2003', 'LEXUS', 'GS300', '1993-2006', 'LEXUS', 'GS350', '2007-2008', 'LEXUS', 'GS400', '1998-2000', 'LEXUS', 'GS430', '2001-2004', 'LEXUS', 'IS300', '2001-2005', 'LEXUS', 'LS400', '1990-2000', 'LEXUS', 'LX450', '1996-1997', 'LEXUS', 'LX470', '1998-2002', 'LEXUS', 'RX300', '1999-2003', 'LEXUS', 'SC300', '1992-2000', 'LEXUS', 'SC400', '1992-2000', 'LINCOLN', 'MKX', '2007-2015', 'MAZDA', '626', '1994-1996', 'MAZDA', 'CX-9', '2007-2015', 'MAZDA', 'MPV', '1993-1995', 'MAZDA', 'MX-6', '1993-1996', 'MITSUBISHI', 'ECLIPSE', '2006-2007', 'MITSUBISHI', 'GALANT', '1988-2006', 'MITSUBISHI', 'SIGMA', '1989-1990', 'TOYOTA', '4RUNNER', '1985-2002', 'TOYOTA', 'AVALON', '1995-2008', 'TOYOTA', 'CAMRY', '1983-2008', 'TOYOTA', 'CELICA', '1988-1999', 'TOYOTA', 'COROLLA', '1993-2002', 'TOYOTA', 'CRESSIDA', '1989-1992', 'TOYOTA', 'HIGHLANDER', '2001-2005', 'TOYOTA', 'LAND CRUISER', '1990-2002', 'TOYOTA', 'MR2', '1991-1995', 'TOYOTA', 'PASEO', '1992-1999', 'TOYOTA', 'PICKUP', '1989-1995', 'TOYOTA', 'PREVIA', '1991-1997', 'TOYOTA', 'RAV4', '1996', 'TOYOTA', 'SIENNA', '1998-2004', 'TOYOTA', 'SOLARA', '1999-2003', 'TOYOTA', 'SUPRA', '1988-1998', 'TOYOTA', 'T100', '1993-1998', 'TOYOTA', 'TACOMA', '1995-2005', 'TOYOTA', 'TERCEL', '1991-1999', 'TOYOTA', 'TUNDRA', '2000-2002', 'TOYOTA', 'VAN', '1989']",70059,JAGUAR,"[{""address"":""Acura Almulla, Car Dealer Rd, Kuwait"",""location"":""https://maps.app.goo.gl/J3oPuFs33svZGpK89""}]",images_2/JAGUAR/JAGUAR___SUPER_V8___4.2L_V8_Supercharged___Blower_Motor_Connector___70059___12437.jpg,,5,0,0,,,0,0,none,0,0,1,,,,,,,,,0,,0,,,0,,,14/08/2024,1,1,Blower Motor Connector,,,,Accepted,500,,JAGUAR,2007,SUPER V8,https://www.rockauto.com/info/52/70059__ra_m.jpg
16,"Electrical-Connector ['ACURA', 'CL', '1997-2001', 'ACURA', 'LEGEND', '1989-1995', 'ACURA', 'MDX', '2001-2006', 'ACURA', 'NSX', '1991-2005', 'ACURA', 'RL', '1996-2012', 'ACURA', 'RLX', '2014-2020', 'ACURA', 'TL', '1995-2014', 'ACURA', 'VIGOR', '1992', 'ACURA', 'ZDX', '2010-2012', 'AUDI', 'TT', '2012', 'CHEVROLET', 'NOVA', '1985-1988', 'CHEVROLET', 'PRIZM', '1998-2002', 'CHEVROLET', 'TRACKER', '1999-2003', 'DODGE', 'AVENGER', '1995-1999', 'DODGE', 'STEALTH', '1991-1996', 'FORD', 'EDGE', '2010-2015', 'GEO', 'PRIZM', '1990-1997', 'HONDA', 'ACCORD', '1990-2002', 'HONDA', 'CIVIC', '1997-2000', 'HONDA', 'CR-V', '1997-2001', 'HONDA', 'ODYSSEY', '1995-2017', 'HONDA', 'PILOT', '2003-2008', 'HONDA', 'PRELUDE', '1991-2001', 'HONDA', 'RIDGELINE', '2006-2014', 'HONDA', 'S2000', '2000-2009', 'HYUNDAI', 'TUCSON', '2005-2006', 'INFINITI', 'Q70', '2018-2019', 'INFINITI', 'Q70L', '2015-2019', 'JAGUAR', 'F-TYPE', '2014-2019', 'JAGUAR', 'SUPER V8', '2005-2009', 'JAGUAR', 'VANDEN PLAS', '2003-2009', 'JAGUAR', 'XF', '2009-2015', 'JAGUAR', 'XJ', '2010-2018', 'JAGUAR', 'XJ8', '2004-2009', 'JAGUAR', 'XJR', '2004-2017', 'JAGUAR', 'XJR575', '2018', 'JAGUAR', 'XK', '2008-2015', 'JAGUAR', 'XKR', '2007-2015', 'KIA', 'SPECTRA', '2007', 'KIA', 'SPECTRA5', '2007-2008', 'LAND ROVER', 'LR3', '2007-2009', 'LAND ROVER', 'LR4', '2010-2015', 'LAND ROVER', 'RANGE ROVER SPORT', '2006-2013', 'LEXUS', 'ES250', '1990-1991', 'LEXUS', 'ES300', '1992-2000', 'LEXUS', 'GS300', '1993-2006', 'LEXUS', 'GS350', '2007-2009', 'LEXUS', 'GS430', '2006-2007', 'LEXUS', 'GS450H', '2007-2009', 'LEXUS', 'GS460', '2009', 'LEXUS', 'IS F', '2009', 'LEXUS', 'IS250', '2006-2010', 'LEXUS', 'IS300', '2001-2004', 'LEXUS', 'IS350', '2006-2010', 'LEXUS', 'LS400', '1990-2000', 'LEXUS', 'LS430', '2001-2006', 'LEXUS', 'LS460', '2007-2010', 'LEXUS', 'LS600H', '2009', 'LEXUS', 'LX470', '1998-2003', 'LEXUS', 'RX300', '2002-2003', 'LEXUS', 'RX330', '2004-2006', 'LEXUS', 'SC430', '2002-2007', 'LINCOLN', 'MKT', '2011', 'LINCOLN', 'MKX', '2008-2015', 'MAZDA', '929', '1992-1993', 'MAZDA', 'CX-9', '2008-2015', 'MAZDA', 'MX-6', '1993-1996', 'MINI', 'COOPER', '2007-2014', 'MINI', 'COOPER COUNTRYMAN', '2011-2014', 'MINI', 'COOPER PACEMAN', '2015', 'MITSUBISHI', '3000GT', '1991-1999', 'MITSUBISHI', 'GALANT', '1989-1990', 'SCION', 'FR-S', '2015-2016', 'SUBARU', 'B9 TRIBECA', '2007', 'SUBARU', 'LEGACY', '2010-2019', 'SUBARU', 'OUTBACK', '2010-2019', 'SUBARU', 'TRIBECA', '2008-2012', 'TOYOTA', '4RUNNER', '1984-1995', 'TOYOTA', '86', '2017-2019', 'TOYOTA', 'AVALON', '1995-2006', 'TOYOTA', 'CAMRY', '1984-2008', 'TOYOTA', 'CELICA', '1988-1998', 'TOYOTA', 'COROLLA', '1984-1996', 'TOYOTA', 'CRESSIDA', '1990-1992', 'TOYOTA', 'HIGHLANDER', '2001-2003', 'TOYOTA', 'LAND CRUISER', '1998-2002', 'TOYOTA', 'PASEO', '1992-1999', 'TOYOTA', 'PICKUP', '1984-1995', 'TOYOTA', 'PRIUS', '2002-2004', 'TOYOTA', 'RAV4', '1997', 'TOYOTA', 'SIENNA', '1998-2004', 'TOYOTA', 'SOLARA', '1999-2003', 'TOYOTA', 'TERCEL', '1991-1996']",S2447,JAGUAR,"[{""address"":""Acura Almulla, Car Dealer Rd, Kuwait"",""location"":""https://maps.app.goo.gl/J3oPuFs33svZGpK89""}]",images_2/JAGUAR/JAGUAR___SUPER_V8___4.2L_V8_Supercharged___Blower_Motor_Connector___S2447___70350.jpg,,6,0,0,,,0,0,none,0,0,1,,Front,,,,,,,0,,0,,,0,,,14/08/2024,1,1,Blower Motor Connector,,,,Accepted,500,,JAGUAR,2007,SUPER V8,https://www.rockauto.com/info/154/S2447_Angle__ra_m.jpg
16,"Electrical-Connector ['ACURA', '1991-2016', 'BUICK', '2002-2007', 'CHEVROLET', '1998-2009', 'CHRYSLER', '1995-2005', 'DAEWOO', '1999-2001', 'DAIHATSU', '1991-1992', 'DODGE', '1988-2014', 'EAGLE', '1990-1996', 'FORD', '1980-2003', 'GEO', '1990-1995', 'HONDA', '1983-2017', 'HYUNDAI', '1992-2019', 'INFINITI', '1995-2019', 'ISUZU', '1987-2000', 'JAGUAR', '2004-2008', 'JEEP', '1995-2009', 'KIA', '1995-2020', 'LAND ROVER', '1995-2015', 'LEXUS', '1990-2006', 'MAZDA', '1982-2015', 'MERCEDES-BENZ', '1998-2003', 'MERCURY', '1991-1998', 'MITSUBISHI', '1986-2014', 'NISSAN', '1998-2021', 'PLYMOUTH', '1985-1993', 'PONTIAC', '1991-2008', 'SATURN', '2007', 'SUBARU', '1980-2009', 'SUZUKI', '1986-2013', 'TOYOTA', '1981-2005']",1P1789,JAGUAR,"[{""address"":""Acura Almulla, Car Dealer Rd, Kuwait"",""location"":""https://maps.app.goo.gl/J3oPuFs33svZGpK89""}]",images_2/JAGUAR/JAGUAR___SUPER_V8___4.2L_V8_Supercharged___Blower_Motor_Connector___1P1789___64505.jpg,,8,0,0,,,0,0,none,0,0,1,,Rear,,,,,,,0,,0,,,0,,,14/08/2024,1,1,Blower Motor Connector,,,,Accepted,500,,JAGUAR,2007,SUPER V8,https://www.rockauto.com/info/903/1P1789__ra_m.jpg
16,"Electrical-Connector ['FORD', 'ESCAPE', '2007-2008', 'FORD', 'EXPLORER', '2003-2010', 'FORD', 'EXPLORER SPORT TRAC', '2007-2008', 'FORD', 'FIESTA', '2006-2019', 'FORD', 'FIVE HUNDRED', '2005-2007', 'FORD', 'FLEX', '2009', 'FORD', 'FREESTYLE', '2005-2007', 'FORD', 'FUSION', '2006-2009', 'FORD', 'MUSTANG', '2005-2010', 'FORD', 'TAURUS', '2008-2009', 'FORD', 'TAURUS X', '2008-2009', 'JAGUAR', 'S-TYPE', '2004-2008', 'JAGUAR', 'SUPER V8', '2005-2009', 'JAGUAR', 'VANDEN PLAS', '2004-2009', 'JAGUAR', 'X-TYPE', '2002-2008', 'JAGUAR', 'XJ8', '2004-2009', 'JAGUAR', 'XJR', '2004-2009', 'LAND ROVER', 'LR2', '2008-2015', 'LINCOLN', 'MKS', '2009', 'LINCOLN', 'NAVIGATOR', '2003-2010', 'MAZDA', 'TRIBUTE', '2008', 'MERCURY', 'MARINER', '2008', 'MERCURY', 'MONTEGO', '2005-2007', 'MERCURY', 'MONTEREY', '2007', 'MERCURY', 'MOUNTAINEER', '2006-2008', 'MERCURY', 'SABLE', '2008-2009', 'VOLVO', 'C30', '2007-2013', 'VOLVO', 'C70', '2006-2013', 'VOLVO', 'S40', '2004-2011', 'VOLVO', 'S60', '2011-2018', 'VOLVO', 'S80', '2007-2016', 'VOLVO', 'V50', '2005-2011', 'VOLVO', 'V60', '2015-2018', 'VOLVO', 'V70', '2008-2010', 'VOLVO', 'XC60', '2010-2017', 'VOLVO', 'XC70', '2008-2016', 'VOLVO', 'XC90', '2018-2021']",S2199,JAGUAR,"[{""address"":""Acura Almulla, Car Dealer Rd, Kuwait"",""location"":""https://maps.app.goo.gl/J3oPuFs33svZGpK89""}]",images_2/JAGUAR/JAGUAR___SUPER_V8___4.2L_V8_Supercharged___Brake_Light_Switch_Connector___S2199___43401.jpg,,25,0,0,,,0,0,none,0,0,1,,,,,,,,,0,,0,,,0,,,14/08/2024,1,1,Brake Light Switch Connector,,,,Accepted,500,,JAGUAR,2007,SUPER V8,https://www.rockauto.com/info/154/S-2199_Front__ra_m.jpg
16,"Electrical-Connector ['CADILLAC', 'CTS', '2003-2007', 'CADILLAC', 'SRX', '2005-2007', 'CHRYSLER', 'SEBRING', '2003-2005', 'DODGE', 'STRATUS', '2003-2005', 'JAGUAR', 'SUPER V8', '2005-2009', 'JAGUAR', 'VANDEN PLAS', '2000-2009', 'JAGUAR', 'XJ8', '1998-2009', 'JAGUAR', 'XJR', '1998-2009', 'JAGUAR', 'XK', '2008-2015', 'JAGUAR', 'XK8', '1997-2006', 'JAGUAR', 'XKR', '2000-2015', 'LAND ROVER', 'DISCOVERY', '1999-2004', 'LAND ROVER', 'FREELANDER', '2002-2004', 'LAND ROVER', 'LR3', '2007-2009', 'LAND ROVER', 'RANGE ROVER SPORT', '2006-2007', 'LEXUS', 'ES300', '1999-2000', 'LEXUS', 'ES330', '2004-2006', 'LEXUS', 'ES350', '2007-2015', 'LEXUS', 'GS300', '1995-2006', 'LEXUS', 'GS350', '2007-2010', 'LEXUS', 'GS400', '1998-2000', 'LEXUS', 'GS430', '2001-2007', 'LEXUS', 'GS450H', '2007-2009', 'LEXUS', 'GS460', '2008-2010', 'LEXUS', 'GX460', '2013-2015', 'LEXUS', 'GX470', '2003-2007', 'LEXUS', 'HS250H', '2010-2012', 'LEXUS', 'IS F', '2008-2010', 'LEXUS', 'IS250', '2006-2010', 'LEXUS', 'IS300', '2001-2004', 'LEXUS', 'IS350', '2006-2010', 'LEXUS', 'LS400', '1995-2000', 'LEXUS', 'LS430', '2001-2006', 'LEXUS', 'LS460', '2007-2017', 'LEXUS', 'LS600H', '2008-2015', 'LEXUS', 'LX470', '1998-2007', 'LEXUS', 'LX570', '2008-2015', 'LEXUS', 'RX300', '1999-2003', 'LEXUS', 'RX330', '2004-2006', 'LEXUS', 'RX350', '2007-2015', 'LEXUS', 'RX400H', '2006-2007', 'LEXUS', 'RX450H', '2010', 'LEXUS', 'SC300', '1992-1999', 'LEXUS', 'SC400', '1995-2000', 'LEXUS', 'SC430', '2002-2007', 'MITSUBISHI', 'LANCER', '2008-2011', 'MITSUBISHI', 'MONTERO', '2001-2006', 'MITSUBISHI', 'OUTLANDER', '2007-2011', 'PONTIAC', 'VIBE', '2003-2010', 'SCION', 'TC', '2005-2015', 'SCION', 'XB', '2010-2013', 'SCION', 'XD', '2010', 'SUBARU', 'LEGACY', '2005-2015', 'SUBARU', 'OUTBACK', '2005-2010', 'SUZUKI', 'GRAND VITARA', '2006-2013', 'SUZUKI', 'KIZASHI', '2012-2013', 'SUZUKI', 'SX4', '2009-2013', 'TOYOTA', '4RUNNER', '1999-2017', 'TOYOTA', 'AVALON', '2000-2017', 'TOYOTA', 'CAMRY', '1998-2017', 'TOYOTA', 'CELICA', '2003-2005', 'TOYOTA', 'COROLLA', '2009-2017', 'TOYOTA', 'FJ CRUISER', '2007-2014', 'TOYOTA', 'HIGHLANDER', '2001-2017', 'TOYOTA', 'LAND CRUISER', '1998-2017', 'TOYOTA', 'MATRIX', '2009-2013', 'TOYOTA', 'PRIUS', '2002-2015', 'TOYOTA', 'RAV4', '1998-2017', 'TOYOTA', 'SEQUOIA', '2002-2017', 'TOYOTA', 'SIENNA', '2002-2017', 'TOYOTA', 'SOLARA', '1999-2008', 'TOYOTA', 'SUPRA', '1993-1998', 'TOYOTA', 'TACOMA', '2005-2017', 'TOYOTA', 'TUNDRA', '2004-2017', 'TOYOTA', 'VENZA', '2009-2015', 'TOYOTA', 'YARIS', '2007-2017']",1P2653,JAGUAR,"[{""address"":""Acura Almulla, Car Dealer Rd, Kuwait"",""location"":""https://maps.app.goo.gl/J3oPuFs33svZGpK89""}]",images_2/JAGUAR/JAGUAR___SUPER_V8___4.2L_V8_Supercharged___Cabin_Air_Temperature_Sensor_Connector___1P2653___20447.jpg,,Out of Stock,0,0,,,0,0,none,0,0,1,,,,,,,,,0,,0,,,0,,,14/08/2024,1,1,Cabin Air Temperature Sensor Connector,,,,Accepted,500,,JAGUAR,2007,SUPER V8,https://www.rockauto.com/info/903/1P2653__ra_m.jpg
16,"Electrical-Connector ['BUICK', 'ENCLAVE', '2008-2011', 'BUICK', 'LUCERNE', '2007-2011', 'CADILLAC', 'CTS', '2003-2012', 'CADILLAC', 'DTS', '2006-2011', 'CADILLAC', 'SRX', '2005-2009', 'CADILLAC', 'STS', '2005-2011', 'CHEVROLET', 'CAPTIVA SPORT', '2013-2015', 'CHEVROLET', 'TRAVERSE', '2009-2011', 'FORD', 'CONTOUR', '1999', 'FORD', 'CROWN VICTORIA', '2007-2009', 'FORD', 'E-150', '1997-2014', 'FORD', 'E-250', '1997-2014', 'FORD', 'E-350', '2000-2019', 'FORD', 'E-450', '2000-2019', 'FORD', 'E-550', '2002-2003', 'FORD', 'EDGE', '2010', 'FORD', 'ESCAPE', '2001-2019', 'FORD', 'EXCURSION', '2000-2004', 'FORD', 'EXPEDITION', '1999-2004', 'FORD', 'EXPLORER', '2001-2010', 'FORD', 'EXPLORER SPORT TRAC', '2002-2010', 'FORD', 'F-150', '2000-2010', 'FORD', 'F-150 HERITAGE', '2004', 'FORD', 'F-250', '1999', 'FORD', 'F-250 SUPER DUTY', '1999-2004', 'FORD', 'F-350 SUPER DUTY', '1999-2003', 'FORD', 'F-450 SUPER DUTY', '2000-2004', 'FORD', 'F-550 SUPER DUTY', '1999-2004', 'FORD', 'F53', '2008-2009', 'FORD', 'FIESTA', '2010-2016', 'FORD', 'FOCUS', '2000-2012', 'FORD', 'FUSION', '2014-2020', 'FORD', 'GT', '2005-2006', 'FORD', 'LOBO', '2002-2006', 'FORD', 'MUSTANG', '2008-2010', 'FORD', 'RANGER', '2001-2010', 'FORD', 'TAURUS', '2001-2003', 'FORD', 'THUNDERBIRD', '2002-2005', 'FORD', 'TRANSIT CONNECT', '2014-2016', 'GMC', 'ACADIA', '2007-2012', 'JAGUAR', 'S-TYPE', '2000-2008', 'JAGUAR', 'SUPER V8', '2005-2009', 'JAGUAR', 'VANDEN PLAS', '2000-2009', 'JAGUAR', 'XF', '2009-2010', 'JAGUAR', 'XJ8', '2000-2009', 'JAGUAR', 'XJR', '1998-2009', 'JAGUAR', 'XK', '2008-2009', 'JAGUAR', 'XK8', '1999-2006', 'JAGUAR', 'XKR', '2000-2009', 'LAND ROVER', 'LR3', '2007', 'LAND ROVER', 'RANGE ROVER', '2006-2007', 'LAND ROVER', 'RANGE ROVER SPORT', '2006-2007', 'LINCOLN', 'BLACKWOOD', '2002', 'LINCOLN', 'LS', '2000-2005', 'LINCOLN', 'MKX', '2008-2009', 'LINCOLN', 'NAVIGATOR', '1999-2009', 'LINCOLN', 'TOWN CAR', '2004-2010', 'MAZDA', 'B4000', '2000-2009', 'MAZDA', 'TRIBUTE', '2002-2005', 'MERCURY', 'COUGAR', '2000-2001', 'MERCURY', 'GRAND MARQUIS', '2007-2011', 'MERCURY', 'MARINER', '2005-2007', 'MERCURY', 'MOUNTAINEER', '1999-2010', 'MERCURY', 'MYSTIQUE', '1999', 'MERCURY', 'SABLE', '2000-2005', 'SATURN', 'OUTLOOK', '2007-2009', 'SATURN', 'VUE', '2009', 'VOLVO', 'C70', '1999-2001', 'VOLVO', 'S40', '2000-2004', 'VOLVO', 'S60', '2001-2002', 'VOLVO', 'S70', '1999-2000', 'VOLVO', 'V40', '2000-2003', 'VOLVO', 'V70', '1999-2002']",S1263,JAGUAR,"[{""address"":""Acura Almulla, Car Dealer Rd, Kuwait"",""location"":""https://maps.app.goo.gl/J3oPuFs33svZGpK89""}]",images_2/JAGUAR/JAGUAR___SUPER_V8___4.2L_V8_Supercharged___Camshaft_Position_Sensor_Connector___S1263___30472.jpg,,8,0,0,,,0,0,none,0,0,1,,,,,,,,,0,,0,,,0,,,14/08/2024,1,1,Camshaft Position Sensor Connector,,,,Accepted,500,,JAGUAR,2007,SUPER V8,https://www.rockauto.com/info/154/S-1263_Angle__ra_m.jpg
16,"Electrical-Connector ['BUICK', 'ENCLAVE', '2008-2012', 'BUICK', 'LUCERNE', '2006-2011', 'CADILLAC', 'CTS', '2004-2012', 'CADILLAC', 'DTS', '2006-2011', 'CADILLAC', 'SRX', '2004-2009', 'CADILLAC', 'STS', '2005-2011', 'CHEVROLET', 'TRAVERSE', '2009-2012', 'FORD', 'THUNDERBIRD', '2002-2005', 'GMC', 'ACADIA', '2007-2012', 'JAGUAR', 'S-TYPE', '2000-2008', 'JAGUAR', 'SUPER V8', '2005-2009', 'JAGUAR', 'VANDEN PLAS', '1998-2009', 'JAGUAR', 'XF', '2009-2011', 'JAGUAR', 'XJ8', '1998-2009', 'JAGUAR', 'XJR', '1998-2009', 'JAGUAR', 'XK', '2007-2011', 'JAGUAR', 'XK8', '1998-2006', 'JAGUAR', 'XKR', '2000-2011', 'LAND ROVER', 'LR3', '2005-2009', 'LAND ROVER', 'RANGE ROVER', '2006-2009', 'LAND ROVER', 'RANGE ROVER SPORT', '2006-2009', 'LINCOLN', 'LS', '2000-2006', 'SATURN', 'OUTLOOK', '2007-2010']",610599,JAGUAR,"[{""address"":""Acura Almulla, Car Dealer Rd, Kuwait"",""location"":""https://maps.app.goo.gl/J3oPuFs33svZGpK89""}]",images_2/JAGUAR/JAGUAR___SUPER_V8___4.2L_V8_Supercharged___Camshaft_Position_Sensor_Connector___610599___1148.jpg,,13,0,0,,,0,0,none,0,0,1,,Left,,,,,,,0,,0,,,0,,,14/08/2024,1,1,Camshaft Position Sensor Connector,,,,Accepted,500,,JAGUAR,2007,SUPER V8,https://www.rockauto.com/info/925/61-0599_01__ra_m.jpg
16,"Electrical-Connector ['BUICK', '2005-2020', 'CADILLAC', '2000-2022', 'CHEVROLET', '2002-2022', 'CHRYSLER', '1998-2021', 'DODGE', '1998-2021', 'FIAT', '2012-2014', 'FORD', '1999-2022', 'GMC', '2002-2021', 'HYUNDAI', '2006-2017', 'ISUZU', '2006-2008', 'JAGUAR', '1999-2008', 'JEEP', '2000-2021', 'KIA', '2007-2008', 'LAND ROVER', '2006-2010', 'LINCOLN', '2000-2022', 'MAZDA', '2001-2015', 'MERCURY', '1998-2011', 'MINI', '2008', 'MITSUBISHI', '2007-2016', 'OLDSMOBILE', '1990-2002', 'PLYMOUTH', '1998-2000', 'PONTIAC', '2004-2010', 'RAM', '2011-2022', 'SAAB', '2007-2010', 'SATURN', '2005-2010', 'SUBARU', '2014-2017', 'SUZUKI', '2006', 'VOLKSWAGEN', '2014', 'VOLVO', '2002-2017']",PT2160,JAGUAR,"[{""address"":""Acura Almulla, Car Dealer Rd, Kuwait"",""location"":""https://maps.app.goo.gl/J3oPuFs33svZGpK89""}]",images_2/JAGUAR/JAGUAR___SUPER_V8___4.2L_V8_Supercharged___Crankshaft_Position_Sensor_Connector___PT2160___24323.jpg,,13,0,0,,,0,0,none,0,0,1,,,,,,,,,0,,0,,,0,,,14/08/2024,1,1,Crankshaft Position Sensor Connector,,,,Accepted,500,,JAGUAR,2007,SUPER V8,https://www.rockauto.com/info/316/PT2160_Primary__ra_m.jpg
16,"Electrical-Connector ['BUICK', '2007', 'CADILLAC', '2004-2006', 'CHEVROLET', '1999-2002', 'JAGUAR', '1999-2009', 'LAND ROVER', '2006-2012', 'LEXUS', '1998-2023', 'LOTUS', '2005-2021', 'PONTIAC', '2007-2010', 'SCION', '2006-2015', 'TOYOTA', '1999-2023', 'VOLVO', '2006-2016']",S2527,JAGUAR,"[{""address"":""Acura Almulla, Car Dealer Rd, Kuwait"",""location"":""https://maps.app.goo.gl/J3oPuFs33svZGpK89""}]",images_2/JAGUAR/JAGUAR___SUPER_V8___4.2L_V8_Supercharged___Ignition_Coil_Connector___S2527___42025.jpg,,5,0,0,,,0,0,none,0,0,1,,,,,,,,,0,,0,,,0,,,14/08/2024,1,1,Ignition Coil Connector,,,,Accepted,500,,JAGUAR,2007,SUPER V8,https://www.rockauto.com/info/154/S2527_Front__ra_m.jpg
16,"Electrical-Connector ['FORD', 'E-150', '2001-2003', 'FORD', 'E-250', '2001-2014', 'FORD', 'E-350', '2011-2015', 'FORD', 'E-450', '2008', 'FORD', 'ECONOLINE', '2003', 'FORD', 'EXPEDITION', '2005-2017', 'FORD', 'EXPLORER', '2006-2019', 'FORD', 'EXPLORER SPORT TRAC', '2007-2010', 'FORD', 'F-150', '2001-2016', 'FORD', 'F-150 HERITAGE', '2004', 'FORD', 'F-250 SUPER DUTY', '2005-2016', 'FORD', 'F-350 SUPER DUTY', '2005-2016', 'FORD', 'F-450 SUPER DUTY', '2005-2010', 'FORD', 'F-550 SUPER DUTY', '2003-2010', 'FORD', 'F59', '2011-2019', 'FORD', 'FLEX', '2010-2019', 'FORD', 'FREESTAR', '2004-2007', 'FORD', 'GT', '2005-2006', 'FORD', 'MUSTANG', '2001-2010', 'FORD', 'POLICE INTERCEPTOR SEDAN', '2013-2019', 'FORD', 'POLICE INTERCEPTOR UTILITY', '2014-2019', 'FORD', 'RANGER', '2001-2008', 'FORD', 'SABLE', '2001', 'FORD', 'TAURUS', '2001-2019', 'FORD', 'TRANSIT 150', '2015-2021', 'FORD', 'TRANSIT 250', '2015-2021', 'FORD', 'TRANSIT 350', '2015-2021', 'FORD', 'TRANSIT CONNECT', '2010-2013', 'FORD', 'WINDSTAR', '2001-2003', 'JAGUAR', 'S-TYPE', '2000-2008', 'JAGUAR', 'SUPER V8', '2005-2009', 'JAGUAR', 'VANDEN PLAS', '2004-2009', 'JAGUAR', 'X-TYPE', '2002-2008', 'JAGUAR', 'XF', '2009-2010', 'JAGUAR', 'XJ8', '2003-2009', 'JAGUAR', 'XJR', '2004-2009', 'JAGUAR', 'XK', '2007-2009', 'JAGUAR', 'XK8', '2003-2006', 'JAGUAR', 'XKR', '2003-2009', 'LAND ROVER', 'LR3', '2005-2009', 'LAND ROVER', 'RANGE ROVER', '2006-2009', 'LAND ROVER', 'RANGE ROVER SPORT', '2006-2009', 'LINCOLN', 'AVIATOR', '2003-2005', 'LINCOLN', 'LS', '2006', 'LINCOLN', 'MKS', '2010-2016', 'LINCOLN', 'MKT', '2010-2019', 'LINCOLN', 'NAVIGATOR', '2005-2017', 'LOTUS', 'ELISE', '2008', 'LOTUS', 'EXIGE', '2008', 'MAZDA', 'B3000', '2001-2008', 'MAZDA', 'MPV', '2001', 'MERCURY', 'COUGAR', '2001-2002', 'MERCURY', 'MONTEREY', '2004-2007', 'MERCURY', 'MOUNTAINEER', '2006-2010', 'MERCURY', 'SABLE', '2001-2005']",S2033,JAGUAR,"[{""address"":""Acura Almulla, Car Dealer Rd, Kuwait"",""location"":""https://maps.app.goo.gl/J3oPuFs33svZGpK89""}]",images_2/JAGUAR/JAGUAR___SUPER_V8___4.2L_V8_Supercharged___Manifold_Pressure__MAP__Sensor_Connector___S2033___64001.jpg,,18,0,0,,,0,0,none,0,0,1,,,,,,,,,0,,0,,,0,,,14/08/2024,1,1,Manifold Pressure (MAP) Sensor Connector,,,,Accepted,500,,JAGUAR,2007,SUPER V8,https://www.rockauto.com/info/154/S-2033_Angle__ra_m.jpg
16,"Electrical-Connector ['FORD', 'THUNDERBIRD', '2002-2005', 'JAGUAR', 'S-TYPE', '2001-2008', 'JAGUAR', 'SUPER V8', '2005-2009', 'JAGUAR', 'VANDEN PLAS', '2004-2009', 'JAGUAR', 'XF', '2009-2010', 'JAGUAR', 'XJ8', '2004-2009', 'JAGUAR', 'XJR', '2004-2009', 'JAGUAR', 'XK', '2007-2009', 'JAGUAR', 'XKR', '2005-2009', 'LAND ROVER', 'LR3', '2005-2009', 'LAND ROVER', 'RANGE ROVER', '2006-2009', 'LAND ROVER', 'RANGE ROVER SPORT', '2006-2009', 'LINCOLN', 'LS', '2000-2006']",S2040,JAGUAR,"[{""address"":""Acura Almulla, Car Dealer Rd, Kuwait"",""location"":""https://maps.app.goo.gl/J3oPuFs33svZGpK89""}]",images_2/JAGUAR/JAGUAR___SUPER_V8___4.2L_V8_Supercharged___Oil_Pressure_Sender___Switch_Connector___S2040___3436.jpg,,12,0,0,,,0,0,none,0,0,1,,,,,,,,,0,,0,,,0,,,14/08/2024,1,1,Oil Pressure Sender / Switch Connector,,,,Accepted,500,,JAGUAR,2007,SUPER V8,https://www.rockauto.com/info/154/S-2040_Front__ra_m.jpg
16,"Electrical-Connector ['ACURA', '1996-2011', 'ALFA ROMEO', '2002-2008', 'AUDI', '1997-2012', 'BMW', '1996-2012', 'BUICK', '1996-2011', 'CADILLAC', '1996-2011', 'CHEVROLET', '1996-2011', 'CHRYSLER', '1996-2011', 'DAEWOO', '1999-2001', 'DODGE', '1996-2011', 'EAGLE', '1996', 'FIAT', '2012', 'FORD', '1996-2011', 'GMC', '1996-2011', 'HONDA', '1996-2011', 'HUMMER', '2002-2005', 'HYUNDAI', '1996-2011', 'INFINITI', '1996-2007', 'ISUZU', '1996-2008', 'JAGUAR', '1996-2011', 'JEEP', '1996-2011', 'KIA', '1996-2011', 'LAND ROVER', '1996-2010', 'LEXUS', '1996-2011', 'LINCOLN', '1996-2011', 'MAZDA', '1996-2011', 'MERCEDES-BENZ', '1996-2011', 'MERCURY', '1996-2011', 'MG', '2005', 'MINI', '2007-2008', 'MITSUBISHI', '1996-2011', 'NISSAN', '1996-2011', 'OLDSMOBILE', '1996-2003', 'PEUGEOT', '2001-2007', 'PLYMOUTH', '1996-2000', 'PONTIAC', '1996-2010', 'PORSCHE', '1996-2009', 'ROLLS-ROYCE', '2000-2008', 'SAAB', '1997-2010', 'SATURN', '1998-2010', 'SCION', '2006-2011', 'SHELBY', '1999', 'SUBARU', '1996-2011', 'SUZUKI', '1996-2006', 'TOYOTA', '1996-2011', 'VOLKSWAGEN', '1996-2011', 'VOLVO', '1998-2012']",1P1474,JAGUAR,"[{""address"":""Acura Almulla, Car Dealer Rd, Kuwait"",""location"":""https://maps.app.goo.gl/J3oPuFs33svZGpK89""}]",images_2/JAGUAR/JAGUAR___SUPER_V8___4.2L_V8_Supercharged___On-Board_Diagnostic__OBD__Test_Connector___1P1474___30702.jpg,,6,0,0,,,0,0,none,0,0,1,,,,,,,,,0,,0,,,0,,,14/08/2024,1,1,On-Board Diagnostic (OBD) Test Connector,,,,Accepted,500,,JAGUAR,2007,SUPER V8,https://www.rockauto.com/info/903/1P1474__ra_m.jpg
16,"Electrical-Connector ['JAGUAR', 'S-TYPE', '2002-2008', 'JAGUAR', 'SUPER V8', '2005-2009', 'JAGUAR', 'VANDEN PLAS', '2003-2009', 'JAGUAR', 'X-TYPE', '2002-2008', 'JAGUAR', 'XF', '2009-2010', 'JAGUAR', 'XJ', '2010', 'JAGUAR', 'XJ8', '2003-2009', 'JAGUAR', 'XJR', '2003-2009', 'JAGUAR', 'XK', '2007-2010', 'JAGUAR', 'XK8', '2003-2006', 'JAGUAR', 'XKR', '2003-2010', 'LAND ROVER', 'FREELANDER', '2005', 'LAND ROVER', 'LR2', '2008-2010', 'LAND ROVER', 'LR3', '2005-2009', 'LAND ROVER', 'LR4', '2010', 'LAND ROVER', 'RANGE ROVER', '2005-2010', 'LAND ROVER', 'RANGE ROVER SPORT', '2006-2010']",709500,JAGUAR,"[{""address"":""Acura Almulla, Car Dealer Rd, Kuwait"",""location"":""https://maps.app.goo.gl/J3oPuFs33svZGpK89""}]",images_2/JAGUAR/JAGUAR___SUPER_V8___4.2L_V8_Supercharged___Radio_Connector___709500___30294.jpg,,8,0,0,,,0,0,none,0,0,1,,,,,,,,,0,,0,,,0,,,14/08/2024,1,1,Radio Connector,,,,Accepted,500,,JAGUAR,2007,SUPER V8,https://www.rockauto.com/info/1195/70-9500__ra_m.jpg
16,"Electrical-Connector ['BENTLEY', 'ARNAGE', '2009', 'BENTLEY', 'AZURE', '2007-2009', 'BENTLEY', 'BROOKLANDS', '2009', 'BENTLEY', 'CONTINENTAL', '2003-2013', 'BMW', '745I', '2003', 'BMW', '745LI', '2003', 'BMW', '760LI', '2003-2005', 'BMW', 'X5', '2004-2005', 'CADILLAC', 'CTS', '2010-2015', 'CADILLAC', 'ESCALADE', '2007-2015', 'CADILLAC', 'STS', '2007-2009', 'CADILLAC', 'XLR', '2007-2009', 'CHEVROLET', 'AVALANCHE', '2009-2013', 'CHEVROLET', 'CAMARO', '2010-2015', 'CHEVROLET', 'CAPRICE', '2011-2017', 'CHEVROLET', 'CORVETTE', '2006-2014', 'CHEVROLET', 'EXPRESS 2500', '2010-2018', 'CHEVROLET', 'EXPRESS 3500', '2010-2018', 'CHEVROLET', 'EXPRESS 4500', '2010-2018', 'CHEVROLET', 'LCF', '2016-2018', 'CHEVROLET', 'SILVERADO 1500', '2009-2018', 'CHEVROLET', 'SILVERADO 2500', '2009-2018', 'CHEVROLET', 'SILVERADO 3500', '2009-2018', 'CHEVROLET', 'SS', '2015', 'CHEVROLET', 'SUBURBAN', '2015-2018', 'CHEVROLET', 'SUBURBAN 1500', '2009-2014', 'CHEVROLET', 'SUBURBAN 2500', '2010-2011', 'CHEVROLET', 'TAHOE', '2009-2018', 'FORD', 'EXPEDITION', '2007-2017', 'FORD', 'EXPLORER', '2006-2010', 'FORD', 'EXPLORER SPORT TRAC', '2008-2010', 'FORD', 'F-150', '2010-2018', 'FORD', 'MUSTANG', '2012-2017', 'FORD', 'TRANSIT 150', '2016', 'FORD', 'TRANSIT 250', '2016-2018', 'FORD', 'TRANSIT 350', '2016-2018', 'GMC', 'SAVANA 2500', '2010-2018', 'GMC', 'SAVANA 3500', '2010-2018', 'GMC', 'SAVANA 4500', '2010-2016', 'GMC', 'SIERRA 1500', '2007-2018', 'GMC', 'SIERRA 2500', '2009-2018', 'GMC', 'SIERRA 3500', '2009-2018', 'GMC', 'YUKON', '2007-2018', 'GMC', 'YUKON XL', '2015-2018', 'GMC', 'YUKON XL 1500', '2007-2014', 'GMC', 'YUKON XL 2500', '2009-2013', 'HUMMER', 'H2', '2008-2009', 'HYUNDAI', 'EQUUS', '2011', 'HYUNDAI', 'GENESIS', '2009-2011', 'JAGUAR', 'S-TYPE', '2003-2008', 'JAGUAR', 'SUPER V8', '2005-2009', 'JAGUAR', 'VANDEN PLAS', '2004-2009', 'JAGUAR', 'XF', '2009-2011', 'JAGUAR', 'XJ8', '2004-2009', 'JAGUAR', 'XJR', '2004-2009', 'JAGUAR', 'XK', '2008-2010', 'JAGUAR', 'XK8', '2003-2006', 'JAGUAR', 'XKR', '2003-2010', 'KIA', 'BORREGO', '2010-2011', 'LAND ROVER', 'LR3', '2007-2009', 'LAND ROVER', 'RANGE ROVER', '2006-2007', 'LAND ROVER', 'RANGE ROVER SPORT', '2006-2007', 'LINCOLN', 'NAVIGATOR', '2005-2015', 'MASERATI', 'GRANTURISMO', '2008-2016', 'MASERATI', 'QUATTROPORTE', '2007-2012', 'MERCURY', 'MOUNTAINEER', '2006-2010', 'PONTIAC', 'G8', '2008']",3500168,JAGUAR,"[{""address"":""Acura Almulla, Car Dealer Rd, Kuwait"",""location"":""https://maps.app.goo.gl/J3oPuFs33svZGpK89""}]",images_2/JAGUAR/JAGUAR___SUPER_V8___4.2L_V8_Supercharged___Repair_Harness___3500168___34548.jpg,,36,0,0,,,0,0,none,0,0,1,,,,,,,,,0,,0,,,0,,,14/08/2024,1,1,Repair Harness,,,,Accepted,500,,JAGUAR,2007,SUPER V8,https://www.rockauto.com/info/925/350-0168_01__ra_m.jpg
16,"Electrical-Connector ['FORD', 'C-MAX', '2013-2018', 'FORD', 'ECOSPORT', '2018', 'FORD', 'EDGE', '2010-2019', 'FORD', 'ESCAPE', '2001-2012', 'FORD', 'EXPEDITION', '2003-2019', 'FORD', 'EXPLORER', '2002-2019', 'FORD', 'EXPLORER SPORT TRAC', '2008-2010', 'FORD', 'F-150', '2004-2019', 'FORD', 'F-150 HERITAGE', '2004', 'FORD', 'F-250 SUPER DUTY', '2011-2019', 'FORD', 'F-350 SUPER DUTY', '2011-2019', 'FORD', 'F-450 SUPER DUTY', '2012-2019', 'FORD', 'F-550 SUPER DUTY', '2011-2017', 'FORD', 'FIESTA', '2010-2019', 'FORD', 'FIVE HUNDRED', '2006-2007', 'FORD', 'FLEX', '2009-2018', 'FORD', 'FOCUS', '2000-2018', 'FORD', 'FREESTYLE', '2005-2007', 'FORD', 'FUSION', '2006-2014', 'FORD', 'IKON', '2011', 'FORD', 'LOBO', '2001-2011', 'FORD', 'MUSTANG', '2005-2014', 'FORD', 'POLICE INTERCEPTOR SEDAN', '2014-2019', 'FORD', 'POLICE INTERCEPTOR UTILITY', '2014-2015', 'FORD', 'SPECIAL SERVICE POLICE SEDAN', '2016', 'FORD', 'TAURUS', '2009-2019', 'FORD', 'TAURUS X', '2008-2009', 'FORD', 'TRANSIT', '2010-2016', 'FORD', 'TRANSIT 150', '2016-2019', 'FORD', 'TRANSIT 250', '2016-2019', 'FORD', 'TRANSIT 350', '2016-2019', 'FORD', 'TRANSIT CONNECT', '2010-2019', 'JAGUAR', 'S-TYPE', '2003-2008', 'JAGUAR', 'SUPER V8', '2005-2009', 'JAGUAR', 'VANDEN PLAS', '2003-2009', 'JAGUAR', 'X-TYPE', '2003-2008', 'JAGUAR', 'XJ8', '2003-2009', 'JAGUAR', 'XJR', '2004-2009', 'LAND ROVER', 'LR3', '2007-2009', 'LAND ROVER', 'RANGE ROVER SPORT', '2006-2007', 'LINCOLN', 'AVIATOR', '2005', 'LINCOLN', 'MARK LT', '2006', 'LINCOLN', 'MKS', '2009-2012', 'LINCOLN', 'MKX', '2008-2018', 'LINCOLN', 'MKZ', '2012', 'LINCOLN', 'NAVIGATOR', '2003-2019', 'LINCOLN', 'ZEPHYR', '2006', 'MAZDA', 'TRIBUTE', '2002-2010', 'MERCURY', 'MARINER', '2005-2011', 'MERCURY', 'MILAN', '2006-2010', 'MERCURY', 'MONTEGO', '2005-2007', 'MERCURY', 'MOUNTAINEER', '2002-2010', 'MERCURY', 'SABLE', '2008-2009']",S2277,JAGUAR,"[{""address"":""Acura Almulla, Car Dealer Rd, Kuwait"",""location"":""https://maps.app.goo.gl/J3oPuFs33svZGpK89""}]",images_2/JAGUAR/JAGUAR___SUPER_V8___4.2L_V8_Supercharged___Starter_Switch_Connector___S2277___37522.jpg,,39,0,0,,,0,0,none,0,0,1,,,,,,,,,0,,0,,,0,,,14/08/2024,1,1,Starter Switch Connector,,,,Accepted,500,,JAGUAR,2007,SUPER V8,https://www.rockauto.com/info/154/S-2277_Front__ra_m.jpg
16,"Electrical-Connector ['CHRYSLER', '2011-2014', 'DODGE', '2008-2018', 'FORD', '1995-2019', 'JAGUAR', '1998-2018', 'JEEP', '2007-2019', 'LAND ROVER', '2006-2009', 'LEXUS', '2005-2017', 'LINCOLN', '1995-2019', 'MAZDA', '1994-2015', 'MERCURY', '1996-2010', 'MITSUBISHI', '2011', 'PANOZ', '2001-2004', 'PONTIAC', '2010', 'SCION', '2006-2015', 'SUBARU', '2004-2015', 'TOYOTA', '1989-2017']",37288,JAGUAR,"[{""address"":""Acura Almulla, Car Dealer Rd, Kuwait"",""location"":""https://maps.app.goo.gl/J3oPuFs33svZGpK89""}]",images_2/JAGUAR/JAGUAR___SUPER_V8___4.2L_V8_Supercharged___Temperature_Sender___Sensor_Connector___37288___94967.jpg,,18,0,0,,,0,0,none,0,0,1,,,,,,,,,0,,0,,,0,,,14/08/2024,1,1,Temperature Sender / Sensor Connector,,,,Accepted,500,,JAGUAR,2007,SUPER V8,https://www.rockauto.com/info/52/37288__ra_m.jpg
16,"Electrical-Connector ['BMW', '2003-2008', 'BUICK', '2004-2006', 'CADILLAC', '2005-2007', 'CHRYSLER', '1998-2005', 'DODGE', '1998-2017', 'FORD', '2003-2019', 'GEO', '1990-1992', 'HYUNDAI', '1996-2020', 'JAGUAR', '1997-2010', 'KIA', '1995-2017', 'LEXUS', '1990-2004', 'LINCOLN', '2004-2012', 'MAZDA', '1995-2015', 'MERCURY', '2006-2009', 'NISSAN', '2002-2010', 'PLYMOUTH', '1997-1999', 'PONTIAC', '2008-2009', 'RENAULT', '2001-2018', 'ROLLS-ROYCE', '2004-2012', 'SRT', '2014', 'SUZUKI', '1992-1995', 'TOYOTA', '1986-2023', 'VOLVO', '2006-2010']",HP3985,JAGUAR,"[{""address"":""Acura Almulla, Car Dealer Rd, Kuwait"",""location"":""https://maps.app.goo.gl/J3oPuFs33svZGpK89""}]",images_2/JAGUAR/JAGUAR___SUPER_V8___4.2L_V8_Supercharged___Variable_Valve_Timing__VVT__Solenoid_Connector___HP3985___88234.jpg,,12,0,0,,,0,0,none,0,0,1,,,,,,,,,0,,0,,,0,,,14/08/2024,1,1,Variable Valve Timing (VVT) Solenoid Connector,,,,Accepted,500,,JAGUAR,2007,SUPER V8,https://www.rockauto.com/info/154/HP3985_Angle__ra_m.jpg
16,"Electrical-Connector ['FORD', 'EDGE', '2007-2010', 'FORD', 'FOCUS', '2005-2011', 'FORD', 'RANGER', '2001-2011', 'FORD', 'THUNDERBIRD', '2002-2005', 'FORD', 'TRANSIT 150', '2016-2017', 'FORD', 'TRANSIT 250', '2015-2017', 'FORD', 'TRANSIT 350', '2015-2017', 'JAGUAR', 'S-TYPE', '2000-2004', 'JAGUAR', 'SUPER V8', '2005-2009', 'JAGUAR', 'VANDEN PLAS', '1998-2009', 'JAGUAR', 'XF', '2009-2016', 'JAGUAR', 'XJ', '2010-2017', 'JAGUAR', 'XJ8', '1998-2003', 'JAGUAR', 'XJR', '1998-2016', 'JAGUAR', 'XK', '2009-2015', 'JAGUAR', 'XK8', '1997-2002', 'JAGUAR', 'XKR', '2000-2015', 'LAND ROVER', 'LR2', '2008-2015', 'LAND ROVER', 'RANGE ROVER EVOQUE', '2012-2016', 'LAND ROVER', 'RANGE ROVER SPORT', '2006', 'LINCOLN', 'LS', '2000-2006', 'LINCOLN', 'MKX', '2007-2010', 'MITSUBISHI', 'RAIDER', '2006-2009', 'VOLVO', 'C70', '1999-2004', 'VOLVO', 'S60', '2001-2017', 'VOLVO', 'S70', '1999-2000', 'VOLVO', 'S80', '1999-2015', 'VOLVO', 'V60', '2015-2017', 'VOLVO', 'V70', '1999-2007', 'VOLVO', 'XC70', '2003-2016', 'VOLVO', 'XC90', '2003-2004']",1P1762,JAGUAR,"[{""address"":""Acura Almulla, Car Dealer Rd, Kuwait"",""location"":""https://maps.app.goo.gl/J3oPuFs33svZGpK89""}]",images_2/JAGUAR/JAGUAR___SUPER_V8___4.2L_V8_Supercharged___Windshield_Washer_Fluid_Level_Sensor_Connector___1P1762___83265.jpg,,9,0,0,,,0,0,none,0,0,1,,,,,,,,,0,,0,,,0,,,14/08/2024,1,1,Windshield Washer Fluid Level Sensor Connector,,,,Accepted,500,,JAGUAR,2007,SUPER V8,https://www.rockauto.com/info/903/1P1762__ra_m.jpg
