trader_id,description,manufacturer_part_number,brand_name,address,products_img,madeIn,price,is_offer,offer_price,offer_start_date,offer_end_date,rating,review_count,type,is_best_seller,is_mobilawy,assembly_kit,product_line,frontOrRear,tyre_speed_rate,maximum_tyre_load,tyre_engraving,rim_diameter,tyre_height,tyre_width,kilometer,oil_type,battery_replacement_available,volt,ampere,liter,color,Number_spark_pulgs,created_at,businessCategories_id,enabled,products_name,warranty,disabled_at,updated_at,status,qtyInStock,deletedAt,Brand,Year,Model,first_img_src,products_name_ar
43,"Brake & Wheel Hub ['MINI', 'COOPER', '2014-2024']",EBR1648XPR,MINI,"[{'address': 'MINI Kuwait | ميني الكويت, Airport Road, 55 12 St, 70651, Kuwait', 'location': 'https://maps.app.goo.gl/tyvk8dxuht43NAEj7'}]",images_2/MINI/MINI___COOPER___1.5L_L3_Turbocharged___Rotor___EBR1648XPR___83576.jpg,,59,0,0,,,0,0,original,0,0,1,,Rear,,,,,,,0,,0,,,0,,,14/08/2024,1,1,Rotor,,,,Accepted,500,,MINI,2015,COOPER,https://www.rockauto.com/info/568/EBR1648XPR__ra_m.jpg,دوار
43,"Brake & Wheel Hub ['MINI', 'COOPER', '2014-2024']",EBR1646XPR,MINI,"[{'address': 'MINI Kuwait | ميني الكويت, Airport Road, 55 12 St, 70651, Kuwait', 'location': 'https://maps.app.goo.gl/tyvk8dxuht43NAEj7'}]",images_2/MINI/MINI___COOPER___1.5L_L3_Turbocharged___Rotor___EBR1646XPR___78572.jpg,,90,0,0,,,0,0,original,0,0,1,,Front,,,,,,,0,,0,,,0,,,14/08/2024,1,1,Rotor,,,,Accepted,500,,MINI,2015,COOPER,https://www.rockauto.com/info/568/EBR1646XPR__ra_m.jpg,دوار
43,"Brake & Wheel Hub ['MINI', 'COOPER', '2014-2022']",63332013L,MINI,"[{'address': 'MINI Kuwait | ميني الكويت, Airport Road, 55 12 St, 70651, Kuwait', 'location': 'https://maps.app.goo.gl/tyvk8dxuht43NAEj7'}]",images_2/MINI/MINI___COOPER___1.5L_L3_Turbocharged___Rotor___63332013L___80090.jpg,,45,0,0,,,0,0,original,0,0,1,,Rear Left,,,,,,,0,,0,,,0,,,14/08/2024,1,1,Rotor,,,,Accepted,500,,MINI,2015,COOPER,https://www.rockauto.com/info/2100/633-32013L_v1_1__ra_m.jpg,دوار
43,"Brake & Wheel Hub ['MINI', 'COOPER', '2014-2022']",63332013R,MINI,"[{'address': 'MINI Kuwait | ميني الكويت, Airport Road, 55 12 St, 70651, Kuwait', 'location': 'https://maps.app.goo.gl/tyvk8dxuht43NAEj7'}]",images_2/MINI/MINI___COOPER___1.5L_L3_Turbocharged___Rotor___63332013R___18035.jpg,,45,0,0,,,0,0,original,0,0,1,,Rear Right,,,,,,,0,,0,,,0,,,14/08/2024,1,1,Rotor,,,,Accepted,500,,MINI,2015,COOPER,https://www.rockauto.com/info/2100/633-32003R_v1_1__ra_m.jpg,دوار
43,"Brake & Wheel Hub ['MINI', 'COOPER', '2014-2022']",63332017R,MINI,"[{'address': 'MINI Kuwait | ميني الكويت, Airport Road, 55 12 St, 70651, Kuwait', 'location': 'https://maps.app.goo.gl/tyvk8dxuht43NAEj7'}]",images_2/MINI/MINI___COOPER___1.5L_L3_Turbocharged___Rotor___63332017R___70383.jpg,,51,0,0,,,0,0,original,0,0,1,,Front Right,,,,,,,0,,0,,,0,,,14/08/2024,1,1,Rotor,,,,Accepted,500,,MINI,2015,COOPER,https://www.rockauto.com/info/2100/633-32017R_v1_1__ra_m.jpg,دوار
43,"Brake & Wheel Hub ['MINI', 'COOPER', '2014-2022']",63332017L,MINI,"[{'address': 'MINI Kuwait | ميني الكويت, Airport Road, 55 12 St, 70651, Kuwait', 'location': 'https://maps.app.goo.gl/tyvk8dxuht43NAEj7'}]",images_2/MINI/MINI___COOPER___1.5L_L3_Turbocharged___Rotor___63332017L___95629.jpg,,52,0,0,,,0,0,original,0,0,1,,Front Left,,,,,,,0,,0,,,0,,,14/08/2024,1,1,Rotor,,,,Accepted,500,,MINI,2015,COOPER,https://www.rockauto.com/info/2100/633-32017L_v1_1__ra_m.jpg,دوار
43,"Body & Lamp Assembly ['MINI', 'COOPER', '2014-2021']",MC1137104,MINI,"[{'address': 'MINI Kuwait | ميني الكويت, Airport Road, 55 12 St, 70651, Kuwait', 'location': 'https://maps.app.goo.gl/tyvk8dxuht43NAEj7'}]",images_2/MINI/MINI___COOPER___1.5L_L3_Turbocharged___Fog_Lamp_Bezel___MC1137104___26392.jpg,,21,0,0,,,0,0,original,0,0,1,,,,,,,,,0,,0,,,0,,,14/08/2024,1,1,Fog Lamp Bezel,,,,Accepted,500,,MINI,2019,COOPER,https://www.rockauto.com/info/69/8552572__ra_m.jpg,إطار مصباح الضباب
43,"Brake & Wheel Hub ['MINI', 'COOPER', '2014-2023']",EUR1800,MINI,"[{'address': 'MINI Kuwait | ميني الكويت, Airport Road, 55 12 St, 70651, Kuwait', 'location': 'https://maps.app.goo.gl/tyvk8dxuht43NAEj7'}]",images_2/MINI/MINI___COOPER___2.0L_L4_Turbocharged___Brake_Pad___EUR1800___93831.jpg,,33,0,0,,,0,0,original,0,0,1,,Rear,,,,,,,0,,0,,,0,,,14/08/2024,1,1,Brake Pad,,,,Accepted,500,,MINI,2023,COOPER,https://www.rockauto.com/info/40/EUR1800__ra_m.jpg,وسادة المكابح
43,"Brake & Wheel Hub ['BMW', '228I', '2020-2024', 'BMW', 'M235I', '2020-2024', 'BMW', 'X2', '2019-2023', 'MINI', 'COOPER', '2015-2024', 'MINI', 'COOPER CLUBMAN', '2017-2024', 'MINI', 'COOPER COUNTRYMAN', '2018-2024']",355025621,MINI,"[{'address': 'MINI Kuwait | ميني الكويت, Airport Road, 55 12 St, 70651, Kuwait', 'location': 'https://maps.app.goo.gl/tyvk8dxuht43NAEj7'}]",images_2/MINI/MINI___COOPER___2.0L_L4_Turbocharged___Brake_Pad___355025621___72633.jpg,,48,0,0,,,0,0,original,0,0,1,,Front,,,,,,,0,,0,,,0,,,14/08/2024,1,1,Brake Pad,,,,Accepted,500,,MINI,2023,COOPER,https://www.rockauto.com/info/978/355025621.MAIN__ra_m.jpg,وسادة المكابح
43,"Brake & Wheel Hub ['MINI', 'COOPER', '2007-2011']",5S11569,MINI,"[{'address': 'MINI Kuwait | ميني الكويت, Airport Road, 55 12 St, 70651, Kuwait', 'location': 'https://maps.app.goo.gl/tyvk8dxuht43NAEj7'}]",images_2/MINI/MINI___COOPER___1.6L_L4_DOHC___Brake_Pad_Wear_Sensor___5S11569___86130.jpg,,16,0,0,,,0,0,original,0,0,1,,Front,,,,,,,0,,0,,,0,,,14/08/2024,1,1,Brake Pad Wear Sensor,,,,Accepted,500,,MINI,2010,COOPER,https://www.rockauto.com/info/903/5S11569__ra_m.jpg,حساس تآكل وسادة الفرامل
43,"Brake & Wheel Hub ['MINI', 'COOPER', '2007-2011']",5S11570,MINI,"[{'address': 'MINI Kuwait | ميني الكويت, Airport Road, 55 12 St, 70651, Kuwait', 'location': 'https://maps.app.goo.gl/tyvk8dxuht43NAEj7'}]",images_2/MINI/MINI___COOPER___1.6L_L4_DOHC___Brake_Pad_Wear_Sensor___5S11570___12093.jpg,,18,0,0,,,0,0,original,0,0,1,,Rear,,,,,,,0,,0,,,0,,,14/08/2024,1,1,Brake Pad Wear Sensor,,,,Accepted,500,,MINI,2010,COOPER,https://www.rockauto.com/info/903/5S11570__ra_m.jpg,حساس تآكل وسادة الفرامل
43,"Brake & Wheel Hub ['', '', '']",34356792573,MINI,"[{'address': 'MINI Kuwait | ميني الكويت, Airport Road, 55 12 St, 70651, Kuwait', 'location': 'https://maps.app.goo.gl/tyvk8dxuht43NAEj7'}]",images_2/MINI/MINI___COOPER___1.6L_L4_DOHC___Brake_Pad_Wear_Sensor___34356792573___39850.jpg,,5,0,0,,,0,0,original,0,0,1,,Rear Right,,,,,,,0,,0,,,0,,,14/08/2024,1,1,Brake Pad Wear Sensor,,,,Accepted,500,,MINI,2010,COOPER,https://www.rockauto.com/info/107/34356792573__ra_m.jpg,حساس تآكل وسادة الفرامل
43,"Brake & Wheel Hub ['MINI', 'COOPER', '2006-2015', 'MINI', 'COOPER COUNTRYMAN', '2011-2016', 'MINI', 'COOPER PACEMAN', '2013-2016']",PSA1204,MINI,"[{'address': 'MINI Kuwait | ميني الكويت, Airport Road, 55 12 St, 70651, Kuwait', 'location': 'https://maps.app.goo.gl/tyvk8dxuht43NAEj7'}]",images_2/MINI/MINI___COOPER_COUNTRYMAN___1.6L_L4___Brake_Pad___PSA1204___67382.jpg,,63,0,0,,,0,0,original,0,0,1,,Front,,,,,,,0,,0,,,0,,,14/08/2024,1,1,Brake Pad,,,,Accepted,500,,MINI,2013,COOPER COUNTRYMAN,https://www.rockauto.com/info/568/PSA-1204__ra_m.jpg,وسادة المكابح
43,"Brake & Wheel Hub ['MINI', 'COOPER COUNTRYMAN', '2011-2016', 'MINI', 'COOPER PACEMAN', '2013-2016']",PSA1554,MINI,"[{'address': 'MINI Kuwait | ميني الكويت, Airport Road, 55 12 St, 70651, Kuwait', 'location': 'https://maps.app.goo.gl/tyvk8dxuht43NAEj7'}]",images_2/MINI/MINI___COOPER_COUNTRYMAN___1.6L_L4___Brake_Pad___PSA1554___85699.jpg,,46,0,0,,,0,0,original,0,0,1,,Rear,,,,,,,0,,0,,,0,,,14/08/2024,1,1,Brake Pad,,,,Accepted,500,,MINI,2013,COOPER COUNTRYMAN,https://www.rockauto.com/info/568/PSA-1554__ra_m.jpg,وسادة المكابح
43,"Body & Lamp Assembly ['MINI', 'COOPER', '2014-2021']",MC1068101,MINI,"[{'address': 'MINI Kuwait | ميني الكويت, Airport Road, 55 12 St, 70651, Kuwait', 'location': 'https://maps.app.goo.gl/tyvk8dxuht43NAEj7'}]",images_2/MINI/MINI___COOPER___1.5L_L3_Turbocharged___License_Plate_Bracket___MC1068101___45540.jpg,,9,0,0,,,0,0,original,0,0,1,,,,,,,,,0,,0,,,0,,,14/08/2024,1,1,License Plate Bracket,,,,Accepted,500,,MINI,2020,COOPER,https://www.rockauto.com/info/69/T2_MC1068101_Fro__ra_m.jpg,حامل لوحة الترخيص
43,"Brake & Wheel Hub ['MINI', 'COOPER', '2007-2015', 'MINI', 'COOPER COUNTRYMAN', '2011-2016', 'MINI', 'COOPER PACEMAN', '2013-2016']",NM55461,MINI,"[{'address': 'MINI Kuwait | ميني الكويت, Airport Road, 55 12 St, 70651, Kuwait', 'location': 'https://maps.app.goo.gl/tyvk8dxuht43NAEj7'}]",images_2/MINI/MINI___COOPER_PACEMAN___1.6L_L4___Master_Cylinder___NM55461___65765.jpg,,59,0,0,,,0,0,original,0,0,1,,Front,,,,,,,0,,0,,,0,,,14/08/2024,1,1,Master Cylinder,,,,Accepted,500,,MINI,2016,COOPER PACEMAN,https://www.rockauto.com/info/1091/NM55461-ANG__ra_m.jpg,أسطوانة رئيسية
43,"Brake & Wheel Hub ['MINI', 'COOPER', '2007-2016', 'MINI', 'COOPER COUNTRYMAN', '2011-2016', 'MINI', 'COOPER PACEMAN', '2013-2016']",13034202,MINI,"[{'address': 'MINI Kuwait | ميني الكويت, Airport Road, 55 12 St, 70651, Kuwait', 'location': 'https://maps.app.goo.gl/tyvk8dxuht43NAEj7'}]",images_2/MINI/MINI___COOPER_PACEMAN___1.6L_L4___Master_Cylinder___13034202___77362.jpg,,119,0,0,,,0,0,original,0,0,1,,,,,,,,,0,,0,,,0,,,14/08/2024,1,1,Master Cylinder,,,,Accepted,500,,MINI,2016,COOPER PACEMAN,https://www.rockauto.com/info/142/130.34202_Angle__ra_m.jpg,أسطوانة رئيسية
43,"Brake & Wheel Hub ['MINI', 'COOPER', '2007-2015']",355113752,MINI,"[{'address': 'MINI Kuwait | ميني الكويت, Airport Road, 55 12 St, 70651, Kuwait', 'location': 'https://maps.app.goo.gl/tyvk8dxuht43NAEj7'}]",images_2/MINI/MINI___COOPER___1.6L_L4___Rotor___355113752___28765.jpg,,28,0,0,,,0,0,original,0,0,1,,,,,,,,,0,,0,,,0,,,14/08/2024,1,1,Rotor,,,,Accepted,500,,MINI,2012,COOPER,https://www.rockauto.com/info/978/355113752.MAIN__ra_m.jpg,دوار
43,"Brake & Wheel Hub ['MINI', 'COOPER', '2007-2016']",EBR1056XPR,MINI,"[{'address': 'MINI Kuwait | ميني الكويت, Airport Road, 55 12 St, 70651, Kuwait', 'location': 'https://maps.app.goo.gl/tyvk8dxuht43NAEj7'}]",images_2/MINI/MINI___COOPER___1.6L_L4___Rotor___EBR1056XPR___83491.jpg,,43,0,0,,,0,0,original,0,0,1,,Rear,,,,,,,0,,0,,,0,,,14/08/2024,1,1,Rotor,,,,Accepted,500,,MINI,2012,COOPER,https://www.rockauto.com/info/568/EBR1056XPR__ra_m.jpg,دوار
43,"Brake & Wheel Hub ['MINI', 'COOPER', '2007-2016']",EBR855XPR,MINI,"[{'address': 'MINI Kuwait | ميني الكويت, Airport Road, 55 12 St, 70651, Kuwait', 'location': 'https://maps.app.goo.gl/tyvk8dxuht43NAEj7'}]",images_2/MINI/MINI___COOPER___1.6L_L4___Rotor___EBR855XPR___86932.jpg,,92,0,0,,,0,0,original,0,0,1,,Front,,,,,,,0,,0,,,0,,,14/08/2024,1,1,Rotor,,,,Accepted,500,,MINI,2012,COOPER,https://www.rockauto.com/info/568/EBR855XPR__ra_m.jpg,دوار
43,"Brake & Wheel Hub ['MINI', 'COOPER', '2002-2015']",63332003L,MINI,"[{'address': 'MINI Kuwait | ميني الكويت, Airport Road, 55 12 St, 70651, Kuwait', 'location': 'https://maps.app.goo.gl/tyvk8dxuht43NAEj7'}]",images_2/MINI/MINI___COOPER___1.6L_L4___Rotor___63332003L___31508.jpg,,23,0,0,,,0,0,original,0,0,1,,Rear Left,,,,,,,0,,0,,,0,,,14/08/2024,1,1,Rotor,,,,Accepted,500,,MINI,2012,COOPER,https://www.rockauto.com/info/2100/633-32003L_v1_1__ra_m.jpg,دوار
43,"Brake & Wheel Hub ['MINI', 'COOPER', '2002-2015']",63332003R,MINI,"[{'address': 'MINI Kuwait | ميني الكويت, Airport Road, 55 12 St, 70651, Kuwait', 'location': 'https://maps.app.goo.gl/tyvk8dxuht43NAEj7'}]",images_2/MINI/MINI___COOPER___1.6L_L4___Rotor___63332003R___42463.jpg,,23,0,0,,,0,0,original,0,0,1,,Rear Right,,,,,,,0,,0,,,0,,,14/08/2024,1,1,Rotor,,,,Accepted,500,,MINI,2012,COOPER,https://www.rockauto.com/info/2100/633-32003R_v1_1__ra_m.jpg,دوار
43,"Brake & Wheel Hub ['MINI', 'COOPER', '2007-2015']",63332005R,MINI,"[{'address': 'MINI Kuwait | ميني الكويت, Airport Road, 55 12 St, 70651, Kuwait', 'location': 'https://maps.app.goo.gl/tyvk8dxuht43NAEj7'}]",images_2/MINI/MINI___COOPER___1.6L_L4___Rotor___63332005R___3113.jpg,,31,0,0,,,0,0,original,0,0,1,,Front Right,,,,,,,0,,0,,,0,,,14/08/2024,1,1,Rotor,,,,Accepted,500,,MINI,2012,COOPER,https://www.rockauto.com/info/2100/633-32005R_v1_1__ra_m.jpg,دوار
43,"Brake & Wheel Hub ['MINI', 'COOPER', '2007-2015']",63332005L,MINI,"[{'address': 'MINI Kuwait | ميني الكويت, Airport Road, 55 12 St, 70651, Kuwait', 'location': 'https://maps.app.goo.gl/tyvk8dxuht43NAEj7'}]",images_2/MINI/MINI___COOPER___1.6L_L4___Rotor___63332005L___15372.jpg,,31,0,0,,,0,0,original,0,0,1,,Front Left,,,,,,,0,,0,,,0,,,14/08/2024,1,1,Rotor,,,,Accepted,500,,MINI,2012,COOPER,https://www.rockauto.com/info/2100/633-32005L_v1_1__ra_m.jpg,دوار
43,"Exhaust & Emission ['BMW', '118I', '2018-2024', 'BMW', '120I', '2017-2019', 'BMW', '220I', '2014-2024', 'BMW', '228I', '2014-2024', 'BMW', '230I', '2017-2021', 'BMW', '318I', '2018', 'BMW', '320I', '2012-2024', 'BMW', '328I', '2012-2016', 'BMW', '330E', '2016-2018', 'BMW', '330I', '2017-2024', 'BMW', '335I', '2014-2016', 'BMW', '420I', '2016-2021', 'BMW', '428I', '2014-2016', 'BMW', '430I', '2017-2024', 'BMW', '435I', '2014-2016', 'BMW', '520I', '2014-2020', 'BMW', '528I', '2012-2016', 'BMW', '530E', '2018-2023', 'BMW', '530I', '2010-2023', 'BMW', '535I', '2010-2016', 'BMW', '535I GT', '2010-2017', 'BMW', '640I', '2012-2019', 'BMW', 'ACTIVEHYBRID 3', '2013-2015', 'BMW', 'ACTIVEHYBRID 5', '2012-2016', 'BMW', 'I8', '2014-2020', 'BMW', 'M135I', '2013-2024', 'BMW', 'M2', '2016-2019', 'BMW', 'M235I', '2014-2024', 'BMW', 'X1', '2012-2024', 'BMW', 'X2', '2018-2023', 'BMW', 'X3', '2011-2024', 'BMW', 'X4', '2015-2024', 'BMW', 'X5', '2013-2018', 'BMW', 'X6', '2015-2019', 'BMW', 'Z4', '2012-2024', 'MINI', 'COOPER', '2014-2024', 'MINI', 'COOPER CLUBMAN', '2016-2024', 'MINI', 'COOPER COUNTRYMAN', '2017-2024', 'TOYOTA', 'GR SUPRA', '2022-2024']",915980,MINI,"[{'address': 'MINI Kuwait | ميني الكويت, Airport Road, 55 12 St, 70651, Kuwait', 'location': 'https://maps.app.goo.gl/tyvk8dxuht43NAEj7'}]",images_2/MINI/MINI___COOPER_CLUBMAN___2.0L_L4_Turbocharged___Clamp___915980___19784.jpg,,8,0,0,,,0,0,original,0,0,1,,,,,,,,,0,,0,,,0,,,14/08/2024,1,1,Clamp,,,,Accepted,500,,MINI,2023,COOPER CLUBMAN,https://www.rockauto.com/info/1078/09159800EZ0000_00__ra_m.jpg,مشبك
43,"Cooling System ['BMW', '118I', '2012-2024', 'BMW', '120I', '2016-2021', 'BMW', '128TI', '2022-2024', 'BMW', '220I', '2017-2024', 'BMW', '228I', '2021-2024', 'BMW', '230I', '2017-2024', 'BMW', '318I', '2018', 'BMW', '320I', '2018-2024', 'BMW', '330E', '2016-2024', 'BMW', '330I', '2017-2024', 'BMW', '420I', '2017', 'BMW', '430I', '2017-2024', 'BMW', '520I', '2018-2020', 'BMW', '530E', '2018-2023', 'BMW', '530I', '2017-2023', 'BMW', 'I8', '2014-2020', 'BMW', 'M135I', '2020-2024', 'BMW', 'M235I', '2020-2024', 'BMW', 'M760I', '2017-2022', 'BMW', 'M760LI', '2017-2020', 'BMW', 'M760LI XDRIVE', '2021-2022', 'BMW', 'X1', '2012-2022', 'BMW', 'X2', '2018-2023', 'BMW', 'X3', '2018-2024', 'BMW', 'X4', '2017-2024', 'BMW', 'Z4', '2019-2024', 'MINI', 'COOPER', '2014-2024', 'MINI', 'COOPER CLUBMAN', '2016-2024', 'MINI', 'COOPER COUNTRYMAN', '2017-2024', 'ROLLS-ROYCE', 'CULLINAN', '2019-2023', 'ROLLS-ROYCE', 'GHOST', '2021-2023', 'ROLLS-ROYCE', 'PHANTOM', '2018-2023', 'TOYOTA', 'GR SUPRA', '2022-2024']",283410,MINI,"[{'address': 'MINI Kuwait | ميني الكويت, Airport Road, 55 12 St, 70651, Kuwait', 'location': 'https://maps.app.goo.gl/tyvk8dxuht43NAEj7'}]",images_2/MINI/MINI___COOPER_COUNTRYMAN___1.5L_L3_ELECTRIC_GAS_Turbocharged___Coolant_Reservoir_Seal___283410___60508.jpg,,1,0,0,,,0,0,original,0,0,1,,,,,,,,,0,,0,,,0,,,14/08/2024,1,1,Coolant Reservoir Seal,,,,Accepted,500,,MINI,2020,COOPER COUNTRYMAN,https://www.rockauto.com/info/1078/283410__ra_m.jpg,ختم خزان سائل التبريد
43,"Brake & Wheel Hub ['MINI', 'COOPER', '2008-2016', 'MINI', 'COOPER COUNTRYMAN', '2011-2016', 'MINI', 'COOPER PACEMAN', '2013-2016']",H621230,MINI,"[{'address': 'MINI Kuwait | ميني الكويت, Airport Road, 55 12 St, 70651, Kuwait', 'location': 'https://maps.app.goo.gl/tyvk8dxuht43NAEj7'}]",images_2/MINI/MINI___COOPER___1.6L_L4___Brake_Hose___H621230___78294.jpg,,7,0,0,,,0,0,original,0,0,1,,,,,,,,,0,,0,,,0,,,14/08/2024,1,1,Brake Hose,,,,Accepted,500,,MINI,2011,COOPER,https://www.rockauto.com/info/42/H621230-007__ra_m.jpg,خرطوم المكابح
43,"Brake & Wheel Hub ['MINI', 'COOPER', '2007-2015']",0732036,MINI,"[{'address': 'MINI Kuwait | ميني الكويت, Airport Road, 55 12 St, 70651, Kuwait', 'location': 'https://maps.app.goo.gl/tyvk8dxuht43NAEj7'}]",images_2/MINI/MINI___COOPER___1.6L_L4___Brake_Hose___0732036___16714.jpg,,10,0,0,,,0,0,original,0,0,1,,Rear,,,,,,,0,,0,,,0,,,14/08/2024,1,1,Brake Hose,,,,Accepted,500,,MINI,2011,COOPER,https://www.rockauto.com/info/31/BA0732036-1__ra_m.jpg,خرطوم المكابح
43,"Brake & Wheel Hub ['', '', '']",V201910,MINI,"[{'address': 'MINI Kuwait | ميني الكويت, Airport Road, 55 12 St, 70651, Kuwait', 'location': 'https://maps.app.goo.gl/tyvk8dxuht43NAEj7'}]",images_2/MINI/MINI___COOPER___1.6L_L4___Brake_Hose___V201910___79008.jpg,,11,0,0,,,0,0,original,0,0,1,,Front,,,,,,,0,,0,,,0,,,14/08/2024,1,1,Brake Hose,,,,Accepted,500,,MINI,2011,COOPER,https://www.rockauto.com/info/1097/V20-1910_02__ra_m.jpg,خرطوم المكابح
43,"Belt Drive ['BMW', 'X1', '2016-2019', 'BMW', 'X2', '2018-2023', 'FORD', 'E-250', '1988-1991', 'FORD', 'E-350', '1988-1996', 'FORD', 'ECONOLINE SUPER DUTY', '1996', 'FORD', 'F SUPER DUTY', '1988-1997', 'FORD', 'F-250', '1988-1996', 'FORD', 'F-350', '1988-1996', 'FORD', 'F53', '1988-1997', 'FORD', 'MUSTANG', '2013-2023', 'MINI', 'COOPER', '2014-2022', 'MINI', 'COOPER CLUBMAN', '2016-2022', 'MINI', 'COOPER COUNTRYMAN', '2017-2022', 'VOLKSWAGEN', 'EUROVAN', '1992-1995', 'VOLKSWAGEN', 'TRANSPORTER', '1992-1993']",6K675,MINI,"[{'address': 'MINI Kuwait | ميني الكويت, Airport Road, 55 12 St, 70651, Kuwait', 'location': 'https://maps.app.goo.gl/tyvk8dxuht43NAEj7'}]",images_2/MINI/MINI___COOPER_COUNTRYMAN___1.5L_L3_Turbocharged___Belt___6K675___92185.jpg,,20,0,0,,,0,0,original,0,0,1,,,,,,,,,0,,0,,,0,,,14/08/2024,1,1,Belt,,,,Accepted,500,,MINI,2022,COOPER COUNTRYMAN,https://www.rockauto.com/info/335/88932721_Primary__ra_m.jpg,حزام
43,"Steering ['BMW', '228I', '2020-2021', 'BMW', 'M235I', '2020', 'BMW', 'X1', '2016-2021', 'BMW', 'X2', '2018-2022', 'MINI', 'COOPER', '2014-2019', 'MINI', 'COOPER CLUBMAN', '2016-2020', 'MINI', 'COOPER COUNTRYMAN', '2017-2020']",TL621,MINI,"[{'address': 'MINI Kuwait | ميني الكويت, Airport Road, 55 12 St, 70651, Kuwait', 'location': 'https://maps.app.goo.gl/tyvk8dxuht43NAEj7'}]",images_2/MINI/MINI___COOPER_CLUBMAN___1.5L_L3_Turbocharged___Tie_Rod_Assembly__Inner___Outer____TL621___71227.jpg,,21,0,0,,,0,0,original,0,0,1,,Right,,,,,,,0,,0,,,0,,,14/08/2024,1,1,Tie Rod Assembly (Inner & Outer),,,,Accepted,500,,MINI,2020,COOPER CLUBMAN,https://www.rockauto.com/info/43/TL621A__ra_m.jpg,مجموعة قضيب الربط (الداخلية والخارجية)
43,"Cooling System ['BMW', '1 SERIES M', '2011', 'BMW', '128I', '2008-2013', 'BMW', '135I', '2008-2013', 'BMW', '135IS', '2013', 'BMW', '320I', '2001-2005', 'BMW', '323CI', '2000', 'BMW', '323I', '1999-2011', 'BMW', '325CI', '2001-2006', 'BMW', '325I', '2001-2006', 'BMW', '325XI', '2001-2006', 'BMW', '328CI', '2000', 'BMW', '328I', '1999-2013', 'BMW', '328XI', '2007-2008', 'BMW', '330CI', '2001-2006', 'BMW', '330I', '2001-2006', 'BMW', '330XI', '2001-2006', 'BMW', '335D', '2009-2011', 'BMW', '335I', '2007-2013', 'BMW', '335IS', '2011-2013', 'BMW', '335XI', '2007-2008', 'BMW', '525I', '2004-2007', 'BMW', '525XI', '2006-2007', 'BMW', '528I', '2008-2016', 'BMW', '528XI', '2008', 'BMW', '530I', '2004-2007', 'BMW', '530XI', '2006-2007', 'BMW', '535D', '2014-2016', 'BMW', '535I', '2008-2016', 'BMW', '535I GT', '2010-2017', 'BMW', '535XI', '2008', 'BMW', '545I', '2004-2005', 'BMW', '550I', '2006-2016', 'BMW', '550I GT', '2010-2017', 'BMW', '640I', '2012-2019', 'BMW', '645CI', '2004-2005', 'BMW', '650I', '2006-2019', 'BMW', '740I', '2011-2015', 'BMW', '740LD', '2015', 'BMW', '740LI', '2011-2015', 'BMW', '745I', '2002-2005', 'BMW', '745LI', '2002-2005', 'BMW', '750I', '2006-2015', 'BMW', '750LI', '2006-2015', 'BMW', '760I', '2004-2006', 'BMW', '760LI', '2003-2015', 'BMW', 'ACTIVEHYBRID 5', '2012-2016', 'BMW', 'ACTIVEHYBRID 7', '2013-2015', 'BMW', 'ALPINA B6', '2015-2019', 'BMW', 'ALPINA B6 GRAN COUPE', '2016', 'BMW', 'ALPINA B7', '2007-2015', 'BMW', 'ALPINA B7L', '2011-2013', 'BMW', 'M3', '2001-2013', 'BMW', 'M5', '2000-2016', 'BMW', 'M6', '2006-2019', 'BMW', 'X1', '2012-2015', 'BMW', 'X3', '2004-2017', 'BMW', 'X4', '2015-2018', 'BMW', 'X5', '2000-2018', 'BMW', 'X6', '2008-2019', 'BMW', 'Z4', '2003-2016', 'BMW', 'Z8', '2000-2003', 'LAND ROVER', 'RANGE ROVER', '2003-2005', 'MINI', 'COOPER COUNTRYMAN', '2011-2016', 'MINI', 'COOPER PACEMAN', '2013-2016']",V20720055,MINI,"[{'address': 'MINI Kuwait | ميني الكويت, Airport Road, 55 12 St, 70651, Kuwait', 'location': 'https://maps.app.goo.gl/tyvk8dxuht43NAEj7'}]",images_2/MINI/MINI___COOPER_PACEMAN___1.6L_L4___Coolant_Level_Sensor___V20720055___29420.jpg,,6,0,0,,,0,0,original,0,0,1,,,,,,,,,0,,0,,,0,,,14/08/2024,1,1,Coolant Level Sensor,,,,Accepted,500,,MINI,2015,COOPER PACEMAN,https://www.rockauto.com/info/1092/V20-72-0055_02__ra_m.jpg,حساس مستوى سائل التبريد
43,"Body & Lamp Assembly ['MINI', 'COOPER', '2007-2010']",8821404RAQC,MINI,"[{'address': 'MINI Kuwait | ميني الكويت, Airport Road, 55 12 St, 70651, Kuwait', 'location': 'https://maps.app.goo.gl/tyvk8dxuht43NAEj7'}]",images_2/MINI/MINI___COOPER___1.6L_L4_DOHC___Side_Marker_Lamp_Assembly___8821404RAQC___76243.jpg,,8,0,0,,,0,0,original,0,0,1,,,,,,,,,0,,0,,,0,,,14/08/2024,1,1,Side Marker Lamp Assembly,,,,Accepted,500,,MINI,2008,COOPER,https://www.rockauto.com/info/831/882-1404R-AQ-C__ra_m.jpg,مجموعة مصباح العلامة الجانبية
43,"Body & Lamp Assembly ['', '', '']",MC2860101,MINI,"[{'address': 'MINI Kuwait | ميني الكويت, Airport Road, 55 12 St, 70651, Kuwait', 'location': 'https://maps.app.goo.gl/tyvk8dxuht43NAEj7'}]",images_2/MINI/MINI___COOPER___1.6L_L4_DOHC___Side_Marker_Lamp_Assembly___MC2860101___21670.jpg,,3,0,0,,,0,0,original,0,0,1,,Rear Left,,,,,,,0,,0,,,0,,,14/08/2024,1,1,Side Marker Lamp Assembly,,,,Accepted,500,,MINI,2008,COOPER,https://www.rockauto.com/info/69/MC2860101__ra_m.jpg,مجموعة مصباح العلامة الجانبية
43,"Body & Lamp Assembly ['MINI', 'COOPER', '2002-2008']",MC2861101,MINI,"[{'address': 'MINI Kuwait | ميني الكويت, Airport Road, 55 12 St, 70651, Kuwait', 'location': 'https://maps.app.goo.gl/tyvk8dxuht43NAEj7'}]",images_2/MINI/MINI___COOPER___1.6L_L4_DOHC___Side_Marker_Lamp_Assembly___MC2861101___2490.jpg,,3,0,0,,,0,0,original,0,0,1,,Rear Right,,,,,,,0,,0,,,0,,,14/08/2024,1,1,Side Marker Lamp Assembly,,,,Accepted,500,,MINI,2008,COOPER,https://www.rockauto.com/info/69/MC2861101__ra_m.jpg,مجموعة مصباح العلامة الجانبية
43,"Body & Lamp Assembly ['MINI', 'COOPER', '2005-2008']",3821403LAQ,MINI,"[{'address': 'MINI Kuwait | ميني الكويت, Airport Road, 55 12 St, 70651, Kuwait', 'location': 'https://maps.app.goo.gl/tyvk8dxuht43NAEj7'}]",images_2/MINI/MINI___COOPER___1.6L_L4_DOHC___Side_Marker_Lamp_Assembly___3821403LAQ___66411.jpg,,4,0,0,,,0,0,original,0,0,1,,Front Left,,,,,,,0,,0,,,0,,,14/08/2024,1,1,Side Marker Lamp Assembly,,,,Accepted,500,,MINI,2008,COOPER,https://www.rockauto.com/info/831/382-1403L-AQ__ra_m.jpg,مجموعة مصباح العلامة الجانبية
43,"Body & Lamp Assembly ['MINI', 'COOPER', '2005-2008']",3821403RAQ,MINI,"[{'address': 'MINI Kuwait | ميني الكويت, Airport Road, 55 12 St, 70651, Kuwait', 'location': 'https://maps.app.goo.gl/tyvk8dxuht43NAEj7'}]",images_2/MINI/MINI___COOPER___1.6L_L4_DOHC___Side_Marker_Lamp_Assembly___3821403RAQ___31914.jpg,,4,0,0,,,0,0,original,0,0,1,,Front Right,,,,,,,0,,0,,,0,,,14/08/2024,1,1,Side Marker Lamp Assembly,,,,Accepted,500,,MINI,2008,COOPER,https://www.rockauto.com/info/831/382-1403R-AQ__ra_m.jpg,مجموعة مصباح العلامة الجانبية
43,"Engine ['BMW', '220I', '2019-2020', 'BMW', '228I', '2020-2022', 'BMW', '330E', '2020-2022', 'BMW', '330I', '2019-2022', 'BMW', '530E', '2021-2022', 'BMW', '530I', '2020-2022', 'BMW', '540I', '2020-2022', 'BMW', '740I', '2019-2022', 'BMW', '745E', '2020-2022', 'BMW', '750I', '2019-2022', 'BMW', '840I', '2020-2022', 'BMW', 'ALPINA B7', '2021-2022', 'BMW', 'ALPINA XB7', '2021-2022', 'BMW', 'M235I', '2020-2022', 'BMW', 'M3', '2021', 'BMW', 'M340I', '2020-2021', 'BMW', 'M4', '2021-2022', 'BMW', 'M440I', '2021-2022', 'BMW', 'M550I', '2020-2021', 'BMW', 'M850I', '2019-2022', 'BMW', 'X1', '2018-2021', 'BMW', 'X2', '2019-2022', 'BMW', 'X3', '2020-2022', 'BMW', 'X4', '2020-2022', 'BMW', 'X5', '2020-2022', 'BMW', 'X6', '2020-2021', 'BMW', 'X7', '2020-2021', 'BMW', 'Z4', '2019-2021', 'MERCEDES-BENZ', 'A200', '2019', 'MINI', 'COOPER', '2020-2022', 'MINI', 'COOPER CLUBMAN', '2020-2022', 'MINI', 'COOPER COUNTRYMAN', '2020-2022', 'TOYOTA', 'SUPRA', '2021-2022']",MO214,MINI,"[{'address': 'MINI Kuwait | ميني الكويت, Airport Road, 55 12 St, 70651, Kuwait', 'location': 'https://maps.app.goo.gl/tyvk8dxuht43NAEj7'}]",images_2/MINI/MINI___COOPER___1.5L_L3_Turbocharged___Oil_Filler_Cap___MO214___89875.jpg,,7,0,0,,,0,0,original,0,0,1,,,,,,,,,0,,0,,,0,,,14/08/2024,1,1,Oil Filler Cap,,,,Accepted,500,,MINI,2020,COOPER,https://www.rockauto.com/info/595/MO214_Angle__ra_m.jpg,غطاء تعبئة الزيت
43,"Electrical-Bulb & Socket ['ACURA', '1991-2013', 'AUDI', '2007-2024', 'BMW', '1990-2016', 'BUICK', '1978-2007', 'CADILLAC', '1977-2019', 'CHEVROLET', '1978-2024', 'CHRYSLER', '1978-2009', 'DAEWOO', '1999-2001', 'DODGE', '1978-2023', 'EAGLE', '1988-1995', 'FERRARI', '2010-2011', 'FIAT', '2020', 'FORD', '1978-2023', 'GEO', '1990-1995', 'GMC', '1980-2023', 'HONDA', '1986-2023', 'HUMMER', '1992-2004', 'HYUNDAI', '1987-2023', 'INFINITI', '1990-2007', 'INTERNATIONAL', '2009-2018', 'ISUZU', '1996-2008', 'JAGUAR', '2016-2019', 'JEEP', '1962-2023', 'KIA', '1995-2024', 'LAND ROVER', '2001-2015', 'LEXUS', '1990-2008', 'LINCOLN', '1980-2014', 'MASERATI', '2015-2017', 'MAZDA', '1988-2012', 'MERCEDES-BENZ', '2009-2020', 'MERCURY', '1978-2011', 'MINI', '2007-2016', 'MITSUBISHI', '1987-2015', 'NISSAN', '1989-2024', 'OLDSMOBILE', '1975-2003', 'PEUGEOT', '2003-2018', 'PLYMOUTH', '1978-2000', 'PONTIAC', '1977-2010', 'RAM', '2011-2022', 'RENAULT', '2010-2016', 'SATURN', '1993-2010', 'SCION', '2006', 'SMART', '2009-2018', 'SUBARU', '1993-2022', 'SUZUKI', '1985-2022', 'TOYOTA', '1992-2014', 'VOLKSWAGEN', '2009-2020']",921RLED,MINI,"[{'address': 'MINI Kuwait | ميني الكويت, Airport Road, 55 12 St, 70651, Kuwait', 'location': 'https://maps.app.goo.gl/tyvk8dxuht43NAEj7'}]",images_2/MINI/MINI___COOPER___1.5L_L3_Turbocharged___Fog___Driving_Light_Bulb___921RLED___46623.jpg,,6,0,0,,,0,0,original,0,0,1,,Rear,,,,,,,0,,0,,,0,,,14/08/2024,1,1,Fog / Driving Light Bulb,,,,Accepted,500,,MINI,2018,COOPER,https://www.rockauto.com/info/685/921RLED_Front__ra_m.jpg,لمبة ضباب / قيادة
43,"Electrical-Bulb & Socket ['ACURA', '2007-2012', 'AUDI', '2012-2018', 'BMW', '2001-2023', 'BUICK', '2014-2020', 'CHEVROLET', '2012-2019', 'FERRARI', '2010-2013', 'FIAT', '2016-2023', 'FORD', '2013-2023', 'HONDA', '2004-2022', 'HYUNDAI', '2009-2021', 'INFINITI', '2005-2019', 'KIA', '2005-2021', 'LEXUS', '2014-2016', 'LINCOLN', '2004', 'MAZDA', '2018-2019', 'MERCEDES-BENZ', '2003', 'MINI', '2007-2019', 'MITSUBISHI', '2013-2024', 'NISSAN', '2008-2023', 'PEUGEOT', '2009-2019', 'PORSCHE', '2005-2012', 'RENAULT', '2010-2017', 'SAAB', '2007-2010', 'SATURN', '2009', 'SEAT', '2011-2018', 'SMART', '2006-2019', 'SUBARU', '2012-2023', 'SUZUKI', '2006-2022', 'TOYOTA', '2011-2023', 'VOLKSWAGEN', '2011-2021', 'VOLVO', '2007-2016']",H8H16XULED,MINI,"[{'address': 'MINI Kuwait | ميني الكويت, Airport Road, 55 12 St, 70651, Kuwait', 'location': 'https://maps.app.goo.gl/tyvk8dxuht43NAEj7'}]",images_2/MINI/MINI___COOPER___1.5L_L3_Turbocharged___Fog___Driving_Light_Bulb___H8H16XULED___82466.jpg,,21,0,0,,,0,0,original,0,0,1,,Front,,,,,,,0,,0,,,0,,,14/08/2024,1,1,Fog / Driving Light Bulb,,,,Accepted,500,,MINI,2018,COOPER,https://www.rockauto.com/info/685/H8H16XULED_3-4%20Front__ra_m.jpg,لمبة ضباب / قيادة
43,"Electrical-Bulb & Socket ['ACURA', '2007-2012', 'AUDI', '2009-2022', 'BMW', '2001-2018', 'BUICK', '2014-2018', 'CHEVROLET', '2012-2022', 'CHRYSLER', '2019', 'FIAT', '2016-2017', 'FORD', '2017-2021', 'HONDA', '2005-2022', 'HYUNDAI', '2009-2021', 'INFINITI', '2005-2018', 'JAGUAR', '2008-2013', 'KIA', '2005-2019', 'LAND ROVER', '2006-2015', 'LINCOLN', '2004', 'MAZDA', '2010-2012', 'MERCEDES-BENZ', '2003', 'MINI', '2007-2019', 'MITSUBISHI', '2016', 'NISSAN', '2008-2022', 'PORSCHE', '2005-2012', 'SAAB', '2007-2010', 'SATURN', '2009', 'SEAT', '2012-2017', 'SUZUKI', '2006', 'VOLKSWAGEN', '2007-2018', 'VOLVO', '2007-2013']",1235H8,MINI,"[{'address': 'MINI Kuwait | ميني الكويت, Airport Road, 55 12 St, 70651, Kuwait', 'location': 'https://maps.app.goo.gl/tyvk8dxuht43NAEj7'}]",images_2/MINI/MINI___COOPER___1.5L_L3_Turbocharged___Fog___Driving_Light_Bulb___1235H8___81104.jpg,,4,0,0,,,0,0,original,0,0,1,,,,,,,,,0,,0,,,0,,,14/08/2024,1,1,Fog / Driving Light Bulb,,,,Accepted,500,,MINI,2018,COOPER,https://www.rockauto.com/info/35/LWL_BP1235H8_P04_FRO__ra_m.jpg,لمبة ضباب / قيادة
43,"Brake & Wheel Hub ['MINI', 'COOPER', '2006-2015', 'MINI', 'COOPER COUNTRYMAN', '2011-2016', 'MINI', 'COOPER PACEMAN', '2013-2016']",PSA1204,MINI,"[{'address': 'MINI Kuwait | ميني الكويت, Airport Road, 55 12 St, 70651, Kuwait', 'location': 'https://maps.app.goo.gl/tyvk8dxuht43NAEj7'}]",images_2/MINI/MINI___COOPER_COUNTRYMAN___1.6L_L4___Brake_Pad___PSA1204___65412.jpg,,63,0,0,,,0,0,original,0,0,1,,Front,,,,,,,0,,0,,,0,,,14/08/2024,1,1,Brake Pad,,,,Accepted,500,,MINI,2011,COOPER COUNTRYMAN,https://www.rockauto.com/info/568/PSA-1204__ra_m.jpg,وسادة المكابح
43,"Brake & Wheel Hub ['MINI', 'COOPER COUNTRYMAN', '2011-2016', 'MINI', 'COOPER PACEMAN', '2013-2016']",PSA1554,MINI,"[{'address': 'MINI Kuwait | ميني الكويت, Airport Road, 55 12 St, 70651, Kuwait', 'location': 'https://maps.app.goo.gl/tyvk8dxuht43NAEj7'}]",images_2/MINI/MINI___COOPER_COUNTRYMAN___1.6L_L4___Brake_Pad___PSA1554___32908.jpg,,46,0,0,,,0,0,original,0,0,1,,Rear,,,,,,,0,,0,,,0,,,14/08/2024,1,1,Brake Pad,,,,Accepted,500,,MINI,2011,COOPER COUNTRYMAN,https://www.rockauto.com/info/568/PSA-1554__ra_m.jpg,وسادة المكابح
43,"Body & Lamp Assembly ['MINI', 'COOPER CLUBMAN', '2020-2023']",MC1068107,MINI,"[{'address': 'MINI Kuwait | ميني الكويت, Airport Road, 55 12 St, 70651, Kuwait', 'location': 'https://maps.app.goo.gl/tyvk8dxuht43NAEj7'}]",images_2/MINI/MINI___COOPER_CLUBMAN___2.0L_L4_Turbocharged___License_Plate_Bracket___MC1068107___29440.jpg,,18,0,0,,,0,0,original,0,0,1,,Front,,,,,,,0,,0,,,0,,,14/08/2024,1,1,License Plate Bracket,,,,Accepted,500,,MINI,2021,COOPER CLUBMAN,https://www.rockauto.com/info/69/T2_MC1068107_Fro__ra_m.jpg,حامل لوحة الترخيص
43,"Electrical ['MINI', 'COOPER', '2013-2018']",HN42,MINI,"[{'address': 'MINI Kuwait | ميني الكويت, Airport Road, 55 12 St, 70651, Kuwait', 'location': 'https://maps.app.goo.gl/tyvk8dxuht43NAEj7'}]",images_2/MINI/MINI___COOPER___1.5L_L3_Turbocharged___Horn___HN42___35693.jpg,,32,0,0,,,0,0,original,0,0,1,,,,,,,,,0,,0,,,0,,,14/08/2024,1,1,Horn,,,,Accepted,500,,MINI,2017,COOPER,https://www.rockauto.com/info/154/HN42_Angle__ra_m.jpg,بوق
43,"Brake & Wheel Hub ['MINI', 'COOPER COUNTRYMAN', '2011-2016', 'MINI', 'COOPER PACEMAN', '2013-2016']",EBR1412XPR,MINI,"[{'address': 'MINI Kuwait | ميني الكويت, Airport Road, 55 12 St, 70651, Kuwait', 'location': 'https://maps.app.goo.gl/tyvk8dxuht43NAEj7'}]",images_2/MINI/MINI___COOPER_COUNTRYMAN___1.6L_L4___Rotor___EBR1412XPR___145.jpg,,76,0,0,,,0,0,original,0,0,1,,Rear,,,,,,,0,,0,,,0,,,14/08/2024,1,1,Rotor,,,,Accepted,500,,MINI,2014,COOPER COUNTRYMAN,https://www.rockauto.com/info/568/EBR1412XPR__ra_m.jpg,دوار
43,"Brake & Wheel Hub ['MINI', 'COOPER COUNTRYMAN', '2011-2016', 'MINI', 'COOPER PACEMAN', '2013-2016']",EBR1411XPR,MINI,"[{'address': 'MINI Kuwait | ميني الكويت, Airport Road, 55 12 St, 70651, Kuwait', 'location': 'https://maps.app.goo.gl/tyvk8dxuht43NAEj7'}]",images_2/MINI/MINI___COOPER_COUNTRYMAN___1.6L_L4___Rotor___EBR1411XPR___62702.jpg,,108,0,0,,,0,0,original,0,0,1,,Front,,,,,,,0,,0,,,0,,,14/08/2024,1,1,Rotor,,,,Accepted,500,,MINI,2014,COOPER COUNTRYMAN,https://www.rockauto.com/info/568/EBR1411XPR__ra_m.jpg,دوار
43,"Brake & Wheel Hub ['', '', '', '', '', '']",AX901046P,MINI,"[{'address': 'MINI Kuwait | ميني الكويت, Airport Road, 55 12 St, 70651, Kuwait', 'location': 'https://maps.app.goo.gl/tyvk8dxuht43NAEj7'}]",images_2/MINI/MINI___COOPER_COUNTRYMAN___1.6L_L4___Rotor___AX901046P___18826.jpg,,17,0,0,,,0,0,original,0,0,1,,,,,,,,,0,,0,,,0,,,14/08/2024,1,1,Rotor,,,,Accepted,500,,MINI,2014,COOPER COUNTRYMAN,https://www.rockauto.com/info/165/165_AX901046P_1__ra_m.jpg,دوار
43,"Brake & Wheel Hub ['MINI', 'COOPER COUNTRYMAN', '2011-2016', 'MINI', 'COOPER PACEMAN', '2013-2016']",63332010L,MINI,"[{'address': 'MINI Kuwait | ميني الكويت, Airport Road, 55 12 St, 70651, Kuwait', 'location': 'https://maps.app.goo.gl/tyvk8dxuht43NAEj7'}]",images_2/MINI/MINI___COOPER_COUNTRYMAN___1.6L_L4___Rotor___63332010L___27866.jpg,,44,0,0,,,0,0,original,0,0,1,,Rear Left,,,,,,,0,,0,,,0,,,14/08/2024,1,1,Rotor,,,,Accepted,500,,MINI,2014,COOPER COUNTRYMAN,https://www.rockauto.com/info/2100/633-32010L_v1_1__ra_m.jpg,دوار
43,"Brake & Wheel Hub ['MINI', 'COOPER COUNTRYMAN', '2011-2016', 'MINI', 'COOPER PACEMAN', '2013-2016']",63332010R,MINI,"[{'address': 'MINI Kuwait | ميني الكويت, Airport Road, 55 12 St, 70651, Kuwait', 'location': 'https://maps.app.goo.gl/tyvk8dxuht43NAEj7'}]",images_2/MINI/MINI___COOPER_COUNTRYMAN___1.6L_L4___Rotor___63332010R___78698.jpg,,44,0,0,,,0,0,original,0,0,1,,Rear Right,,,,,,,0,,0,,,0,,,14/08/2024,1,1,Rotor,,,,Accepted,500,,MINI,2014,COOPER COUNTRYMAN,https://www.rockauto.com/info/2100/633-32010R_v1_1__ra_m.jpg,دوار
43,"Brake & Wheel Hub ['MINI', 'COOPER COUNTRYMAN', '2011-2016', 'MINI', 'COOPER PACEMAN', '2013-2016']",63332009L,MINI,"[{'address': 'MINI Kuwait | ميني الكويت, Airport Road, 55 12 St, 70651, Kuwait', 'location': 'https://maps.app.goo.gl/tyvk8dxuht43NAEj7'}]",images_2/MINI/MINI___COOPER_COUNTRYMAN___1.6L_L4___Rotor___63332009L___23377.jpg,,54,0,0,,,0,0,original,0,0,1,,Front Left,,,,,,,0,,0,,,0,,,14/08/2024,1,1,Rotor,,,,Accepted,500,,MINI,2014,COOPER COUNTRYMAN,https://www.rockauto.com/info/2100/633-32009L_v1_1__ra_m.jpg,دوار
43,"Brake & Wheel Hub ['MINI', 'COOPER COUNTRYMAN', '2011-2016', 'MINI', 'COOPER PACEMAN', '2013-2016']",63332009R,MINI,"[{'address': 'MINI Kuwait | ميني الكويت, Airport Road, 55 12 St, 70651, Kuwait', 'location': 'https://maps.app.goo.gl/tyvk8dxuht43NAEj7'}]",images_2/MINI/MINI___COOPER_COUNTRYMAN___1.6L_L4___Rotor___63332009R___72353.jpg,,54,0,0,,,0,0,original,0,0,1,,Front Right,,,,,,,0,,0,,,0,,,14/08/2024,1,1,Rotor,,,,Accepted,500,,MINI,2014,COOPER COUNTRYMAN,https://www.rockauto.com/info/2100/631-32009R_v1_1__ra_m.jpg,دوار
43,"Body & Lamp Assembly ['MINI', 'COOPER', '2014-2023']",MC2506105,MINI,"[{'address': 'MINI Kuwait | ميني الكويت, Airport Road, 55 12 St, 70651, Kuwait', 'location': 'https://maps.app.goo.gl/tyvk8dxuht43NAEj7'}]",images_2/MINI/MINI___COOPER___1.5L_L3_Turbocharged___Headlamp_Bucket___MC2506105___98124.jpg,,15,0,0,,,0,0,original,0,0,1,,,,,,,,,0,,0,,,0,,,14/08/2024,1,1,Headlamp Bucket,,,,Accepted,500,,MINI,2019,COOPER,https://www.rockauto.com/info/69/MC2506105__ra_m.jpg,دلو المصباح الأمامي
43,"Brake & Wheel Hub ['MINI', 'COOPER', '2006-2015', 'MINI', 'COOPER COUNTRYMAN', '2011-2016', 'MINI', 'COOPER PACEMAN', '2013-2016']",PSA1204,MINI,"[{'address': 'MINI Kuwait | ميني الكويت, Airport Road, 55 12 St, 70651, Kuwait', 'location': 'https://maps.app.goo.gl/tyvk8dxuht43NAEj7'}]",images_2/MINI/MINI___COOPER_COUNTRYMAN___1.6L_L4___Brake_Pad___PSA1204___99774.jpg,,63,0,0,,,0,0,original,0,0,1,,Front,,,,,,,0,,0,,,0,,,14/08/2024,1,1,Brake Pad,,,,Accepted,500,,MINI,2016,COOPER COUNTRYMAN,https://www.rockauto.com/info/568/PSA-1204__ra_m.jpg,وسادة المكابح
43,"Brake & Wheel Hub ['MINI', 'COOPER COUNTRYMAN', '2011-2016', 'MINI', 'COOPER PACEMAN', '2013-2016']",PSA1554,MINI,"[{'address': 'MINI Kuwait | ميني الكويت, Airport Road, 55 12 St, 70651, Kuwait', 'location': 'https://maps.app.goo.gl/tyvk8dxuht43NAEj7'}]",images_2/MINI/MINI___COOPER_COUNTRYMAN___1.6L_L4___Brake_Pad___PSA1554___39617.jpg,,46,0,0,,,0,0,original,0,0,1,,Rear,,,,,,,0,,0,,,0,,,14/08/2024,1,1,Brake Pad,,,,Accepted,500,,MINI,2016,COOPER COUNTRYMAN,https://www.rockauto.com/info/568/PSA-1554__ra_m.jpg,وسادة المكابح
43,"Brake & Wheel Hub ['BMW', 'X2', '2019-2023', 'MINI', 'COOPER CLUBMAN', '2020-2024', 'MINI', 'COOPER COUNTRYMAN', '2020-2023']",WHUS131146,MINI,"[{'address': 'MINI Kuwait | ميني الكويت, Airport Road, 55 12 St, 70651, Kuwait', 'location': 'https://maps.app.goo.gl/tyvk8dxuht43NAEj7'}]",images_2/MINI/MINI___COOPER_CLUBMAN___2.0L_L4_Turbocharged___Rotor___Brake_Pad_Kit___WHUS131146___7.jpg,,134,0,0,,,0,0,original,0,0,1,,Rear,,,,,,,0,,0,,,0,,,14/08/2024,1,1,Rotor & Brake Pad Kit,,,,Accepted,500,,MINI,2022,COOPER CLUBMAN,https://www.rockauto.com/catalog/kitcollage.php?pk=16182853&size=Thumb,مجموعة دوار ووسادة فرامل
43,"Brake & Wheel Hub ['MINI', 'COOPER', '2020-2024', 'MINI', 'COOPER CLUBMAN', '2020-2024', 'MINI', 'COOPER COUNTRYMAN', '2020-2023']",WHUS232008,MINI,"[{'address': 'MINI Kuwait | ميني الكويت, Airport Road, 55 12 St, 70651, Kuwait', 'location': 'https://maps.app.goo.gl/tyvk8dxuht43NAEj7'}]",images_2/MINI/MINI___COOPER_CLUBMAN___2.0L_L4_Turbocharged___Rotor___Brake_Pad_Kit___WHUS232008___93845.jpg,,207,0,0,,,0,0,original,0,0,1,,Front,,,,,,,0,,0,,,0,,,14/08/2024,1,1,Rotor & Brake Pad Kit,,,,Accepted,500,,MINI,2022,COOPER CLUBMAN,https://www.rockauto.com/catalog/kitcollage.php?pk=16248589&size=Thumb,مجموعة دوار ووسادة فرامل
43,"Electrical-Switch & Relay ['BMW', '228I', '2014-2022', 'BMW', '230I', '2017-2021', 'BMW', '320I', '2012-2018', 'BMW', '328D', '2014-2018', 'BMW', '328I', '2013-2016', 'BMW', '330E', '2016-2018', 'BMW', '330I', '2017-2022', 'BMW', '335I', '2014-2016', 'BMW', '340I', '2016-2019', 'BMW', '428I', '2014-2016', 'BMW', '430I', '2017-2022', 'BMW', '435I', '2014-2016', 'BMW', '440I', '2017-2020', 'BMW', '530E', '2018-2020', 'BMW', '740I', '2016-2020', 'BMW', '740LE', '2017', 'BMW', '750I', '2016-2020', 'BMW', 'ACTIVEHYBRID 3', '2013-2015', 'BMW', 'ALPINA B7', '2019-2020', 'BMW', 'I3', '2014-2021', 'BMW', 'I3S', '2018-2021', 'BMW', 'I8', '2014-2020', 'BMW', 'M2', '2016-2020', 'BMW', 'M235I', '2014-2020', 'BMW', 'M240I', '2017-2020', 'BMW', 'M3', '2015-2018', 'BMW', 'M340I', '2020', 'BMW', 'M4', '2015-2020', 'BMW', 'M760I', '2017-2019', 'BMW', 'M8', '2020-2022', 'BMW', 'M850I', '2019-2020', 'BMW', 'X1', '2017-2020', 'BMW', 'X2', '2019-2020', 'BMW', 'X3', '2019-2022', 'BMW', 'X5', '2014-2018', 'BMW', 'X6', '2015-2016', 'BMW', 'Z4', '2019-2020', 'MINI', 'COOPER', '2016-2022', 'MINI', 'COOPER CLUBMAN', '2016-2020', 'MINI', 'COOPER COUNTRYMAN', '2017-2020']",SLS541,MINI,"[{'address': 'MINI Kuwait | ميني الكويت, Airport Road, 55 12 St, 70651, Kuwait', 'location': 'https://maps.app.goo.gl/tyvk8dxuht43NAEj7'}]",images_2/MINI/MINI___COOPER___1.5L_L3_Turbocharged___Brake_Light_Switch___SLS541___56997.jpg,,28,0,0,,,0,0,original,0,0,1,,,,,,,,,0,,0,,,0,,,14/08/2024,1,1,Brake Light Switch,,,,Accepted,500,,MINI,2019,COOPER,https://www.rockauto.com/info/154/SLS541_Angle__ra_m.jpg,مفتاح ضوء المكابح
43,"Electrical ['BMW', '328I', '2007-2013', 'BMW', '330I', '2004-2005', 'BMW', '335I', '2007-2011', 'BMW', '525I', '2004-2007', 'BMW', '525XI', '2006-2007', 'BMW', '528I', '2008-2010', 'BMW', '528XI', '2008', 'BMW', '530I', '2004-2007', 'BMW', '530XI', '2006-2007', 'BMW', '535I', '2008-2010', 'BMW', '535XI', '2008', 'BMW', '545I', '2004-2006', 'BMW', '550I', '2006-2010', 'BMW', 'M3', '2008-2013', 'BMW', 'X5', '2007-2012', 'BMW', 'X6', '2008-2012', 'MINI', 'COOPER', '2008-2019', 'MINI', 'COOPER COUNTRYMAN', '2011-2019', 'MINI', 'COOPER PACEMAN', '2013-2016']",601006,MINI,"[{'address': 'MINI Kuwait | ميني الكويت, Airport Road, 55 12 St, 70651, Kuwait', 'location': 'https://maps.app.goo.gl/tyvk8dxuht43NAEj7'}]",images_2/MINI/MINI___COOPER___1.5L_L3_Turbocharged___Battery_Current_Sensor___601006___92752.jpg,,100,0,0,,,0,0,original,0,0,1,,,,,,,,,0,,0,,,0,,,14/08/2024,1,1,Battery Current Sensor,,,,Accepted,500,,MINI,2016,COOPER,https://www.rockauto.com/info/42/601-006-007__ra_m.jpg,حساس تيار البطارية
43,"Brake & Wheel Hub ['MINI', 'COOPER', '2007-2024']",Z231308,MINI,"[{'address': 'MINI Kuwait | ميني الكويت, Airport Road, 55 12 St, 70651, Kuwait', 'location': 'https://maps.app.goo.gl/tyvk8dxuht43NAEj7'}]",images_2/MINI/MINI___COOPER___1.6L_L4___Brake_Pad___Z231308___56115.jpg,,38,0,0,,,0,0,original,0,0,1,,Front,,,,,,,0,,0,,,0,,,14/08/2024,1,1,Brake Pad,,,,Accepted,500,,MINI,2013,COOPER,https://www.rockauto.com/info/568/Z23-1308__ra_m.jpg,وسادة المكابح
43,"Brake & Wheel Hub ['MINI', 'COOPER', '2007-2015']",PSA1309,MINI,"[{'address': 'MINI Kuwait | ميني الكويت, Airport Road, 55 12 St, 70651, Kuwait', 'location': 'https://maps.app.goo.gl/tyvk8dxuht43NAEj7'}]",images_2/MINI/MINI___COOPER___1.6L_L4___Brake_Pad___PSA1309___79888.jpg,,47,0,0,,,0,0,original,0,0,1,,Rear,,,,,,,0,,0,,,0,,,14/08/2024,1,1,Brake Pad,,,,Accepted,500,,MINI,2013,COOPER,https://www.rockauto.com/info/568/PSA-1309__ra_m.jpg,وسادة المكابح
43,"Brake & Wheel Hub ['', '', '']",DP31701C,MINI,"[{'address': 'MINI Kuwait | ميني الكويت, Airport Road, 55 12 St, 70651, Kuwait', 'location': 'https://maps.app.goo.gl/tyvk8dxuht43NAEj7'}]",images_2/MINI/MINI___COOPER___1.6L_L4___Brake_Pad___DP31701C___96064.jpg,,24,0,0,,,0,0,original,0,0,1,,,,,,,,,0,,0,,,0,,,14/08/2024,1,1,Brake Pad,,,,Accepted,500,,MINI,2013,COOPER,https://www.rockauto.com/info/746/746_DP31701C_activant_0__ra_m.jpg,وسادة المكابح
43,"Body & Lamp Assembly ['MINI', 'COOPER', '2010-2024']",8158707,MINI,"[{'address': 'MINI Kuwait | ميني الكويت, Airport Road, 55 12 St, 70651, Kuwait', 'location': 'https://maps.app.goo.gl/tyvk8dxuht43NAEj7'}]",images_2/MINI/MINI___COOPER___1.5L_L3_Turbocharged___Lift_Support___8158707___32205.jpg,,12,0,0,,,0,0,original,0,0,1,,,,,,,,,0,,0,,,0,,,14/08/2024,1,1,Lift Support,,,,Accepted,500,,MINI,2020,COOPER,https://www.rockauto.com/info/1103/8158707__ra_m.jpg,دعم الرفع
43,"Brake & Wheel Hub ['MINI', 'COOPER', '2004-2015']",DP31701C,MINI,"[{'address': 'MINI Kuwait | ميني الكويت, Airport Road, 55 12 St, 70651, Kuwait', 'location': 'https://maps.app.goo.gl/tyvk8dxuht43NAEj7'}]",images_2/MINI/MINI___COOPER___1.6L_L4_DOHC___Brake_Pad___DP31701C___84116.jpg,,24,0,0,,,0,0,original,0,0,1,,,,,,,,,0,,0,,,0,,,14/08/2024,1,1,Brake Pad,,,,Accepted,500,,MINI,2009,COOPER,https://www.rockauto.com/info/746/746_DP31701C_activant_0__ra_m.jpg,وسادة المكابح
43,"Brake & Wheel Hub ['MINI', 'COOPER', '2007-2015']",PSA1309,MINI,"[{'address': 'MINI Kuwait | ميني الكويت, Airport Road, 55 12 St, 70651, Kuwait', 'location': 'https://maps.app.goo.gl/tyvk8dxuht43NAEj7'}]",images_2/MINI/MINI___COOPER___1.6L_L4_DOHC___Brake_Pad___PSA1309___75921.jpg,,47,0,0,,,0,0,original,0,0,1,,Rear,,,,,,,0,,0,,,0,,,14/08/2024,1,1,Brake Pad,,,,Accepted,500,,MINI,2009,COOPER,https://www.rockauto.com/info/568/PSA-1309__ra_m.jpg,وسادة المكابح
43,"Brake & Wheel Hub ['MINI', 'COOPER', '2007-2024']",Z231308,MINI,"[{'address': 'MINI Kuwait | ميني الكويت, Airport Road, 55 12 St, 70651, Kuwait', 'location': 'https://maps.app.goo.gl/tyvk8dxuht43NAEj7'}]",images_2/MINI/MINI___COOPER___1.6L_L4_DOHC___Brake_Pad___Z231308___37371.jpg,,38,0,0,,,0,0,original,0,0,1,,Front,,,,,,,0,,0,,,0,,,14/08/2024,1,1,Brake Pad,,,,Accepted,500,,MINI,2009,COOPER,https://www.rockauto.com/info/568/Z23-1308__ra_m.jpg,وسادة المكابح
43,"Electrical-Switch & Relay ['BMW', '228I', '2014-2022', 'BMW', '230I', '2017-2021', 'BMW', '320I', '2012-2018', 'BMW', '328D', '2014-2018', 'BMW', '328I', '2013-2016', 'BMW', '330E', '2016-2018', 'BMW', '330I', '2017-2022', 'BMW', '335I', '2014-2016', 'BMW', '340I', '2016-2019', 'BMW', '428I', '2014-2016', 'BMW', '430I', '2017-2022', 'BMW', '435I', '2014-2016', 'BMW', '440I', '2017-2020', 'BMW', '530E', '2018-2020', 'BMW', '740I', '2016-2020', 'BMW', '740LE', '2017', 'BMW', '750I', '2016-2020', 'BMW', 'ACTIVEHYBRID 3', '2013-2015', 'BMW', 'ALPINA B7', '2019-2020', 'BMW', 'I3', '2014-2021', 'BMW', 'I3S', '2018-2021', 'BMW', 'I8', '2014-2020', 'BMW', 'M2', '2016-2020', 'BMW', 'M235I', '2014-2020', 'BMW', 'M240I', '2017-2020', 'BMW', 'M3', '2015-2018', 'BMW', 'M340I', '2020', 'BMW', 'M4', '2015-2020', 'BMW', 'M760I', '2017-2019', 'BMW', 'M8', '2020-2022', 'BMW', 'M850I', '2019-2020', 'BMW', 'X1', '2017-2020', 'BMW', 'X2', '2019-2020', 'BMW', 'X3', '2019-2022', 'BMW', 'X5', '2014-2018', 'BMW', 'X6', '2015-2016', 'BMW', 'Z4', '2019-2020', 'MINI', 'COOPER', '2016-2022', 'MINI', 'COOPER CLUBMAN', '2016-2020', 'MINI', 'COOPER COUNTRYMAN', '2017-2020']",SLS541,MINI,"[{'address': 'MINI Kuwait | ميني الكويت, Airport Road, 55 12 St, 70651, Kuwait', 'location': 'https://maps.app.goo.gl/tyvk8dxuht43NAEj7'}]",images_2/MINI/MINI___COOPER_COUNTRYMAN___1.5L_L3_ELECTRIC_GAS_Turbocharged___Brake_Light_Switch___SLS541___98436.jpg,,28,0,0,,,0,0,original,0,0,1,,,,,,,,,0,,0,,,0,,,14/08/2024,1,1,Brake Light Switch,,,,Accepted,500,,MINI,2019,COOPER COUNTRYMAN,https://www.rockauto.com/info/154/SLS541_Angle__ra_m.jpg,مفتاح ضوء المكابح
43,"Brake & Wheel Hub ['MINI', 'COOPER COUNTRYMAN', '2011-2016', 'MINI', 'COOPER PACEMAN', '2013-2016']",EBR1412XPR,MINI,"[{'address': 'MINI Kuwait | ميني الكويت, Airport Road, 55 12 St, 70651, Kuwait', 'location': 'https://maps.app.goo.gl/tyvk8dxuht43NAEj7'}]",images_2/MINI/MINI___COOPER_COUNTRYMAN___1.6L_L4___Rotor___EBR1412XPR___92199.jpg,,76,0,0,,,0,0,original,0,0,1,,Rear,,,,,,,0,,0,,,0,,,14/08/2024,1,1,Rotor,,,,Accepted,500,,MINI,2012,COOPER COUNTRYMAN,https://www.rockauto.com/info/568/EBR1412XPR__ra_m.jpg,دوار
43,"Brake & Wheel Hub ['MINI', 'COOPER COUNTRYMAN', '2011-2016', 'MINI', 'COOPER PACEMAN', '2013-2016']",EBR1411XPR,MINI,"[{'address': 'MINI Kuwait | ميني الكويت, Airport Road, 55 12 St, 70651, Kuwait', 'location': 'https://maps.app.goo.gl/tyvk8dxuht43NAEj7'}]",images_2/MINI/MINI___COOPER_COUNTRYMAN___1.6L_L4___Rotor___EBR1411XPR___99962.jpg,,108,0,0,,,0,0,original,0,0,1,,Front,,,,,,,0,,0,,,0,,,14/08/2024,1,1,Rotor,,,,Accepted,500,,MINI,2012,COOPER COUNTRYMAN,https://www.rockauto.com/info/568/EBR1411XPR__ra_m.jpg,دوار
43,"Brake & Wheel Hub ['MINI', 'COOPER COUNTRYMAN', '2011-2016', 'MINI', 'COOPER PACEMAN', '2013-2016']",63332010L,MINI,"[{'address': 'MINI Kuwait | ميني الكويت, Airport Road, 55 12 St, 70651, Kuwait', 'location': 'https://maps.app.goo.gl/tyvk8dxuht43NAEj7'}]",images_2/MINI/MINI___COOPER_COUNTRYMAN___1.6L_L4___Rotor___63332010L___82110.jpg,,44,0,0,,,0,0,original,0,0,1,,Rear Left,,,,,,,0,,0,,,0,,,14/08/2024,1,1,Rotor,,,,Accepted,500,,MINI,2012,COOPER COUNTRYMAN,https://www.rockauto.com/info/2100/633-32010L_v1_1__ra_m.jpg,دوار
43,"Brake & Wheel Hub ['MINI', 'COOPER COUNTRYMAN', '2011-2016', 'MINI', 'COOPER PACEMAN', '2013-2016']",63332010R,MINI,"[{'address': 'MINI Kuwait | ميني الكويت, Airport Road, 55 12 St, 70651, Kuwait', 'location': 'https://maps.app.goo.gl/tyvk8dxuht43NAEj7'}]",images_2/MINI/MINI___COOPER_COUNTRYMAN___1.6L_L4___Rotor___63332010R___36692.jpg,,44,0,0,,,0,0,original,0,0,1,,Rear Right,,,,,,,0,,0,,,0,,,14/08/2024,1,1,Rotor,,,,Accepted,500,,MINI,2012,COOPER COUNTRYMAN,https://www.rockauto.com/info/2100/633-32010R_v1_1__ra_m.jpg,دوار
43,"Brake & Wheel Hub ['MINI', 'COOPER COUNTRYMAN', '2011-2016', 'MINI', 'COOPER PACEMAN', '2013-2016']",63332009L,MINI,"[{'address': 'MINI Kuwait | ميني الكويت, Airport Road, 55 12 St, 70651, Kuwait', 'location': 'https://maps.app.goo.gl/tyvk8dxuht43NAEj7'}]",images_2/MINI/MINI___COOPER_COUNTRYMAN___1.6L_L4___Rotor___63332009L___64292.jpg,,54,0,0,,,0,0,original,0,0,1,,Front Left,,,,,,,0,,0,,,0,,,14/08/2024,1,1,Rotor,,,,Accepted,500,,MINI,2012,COOPER COUNTRYMAN,https://www.rockauto.com/info/2100/633-32009L_v1_1__ra_m.jpg,دوار
43,"Brake & Wheel Hub ['MINI', 'COOPER COUNTRYMAN', '2011-2016', 'MINI', 'COOPER PACEMAN', '2013-2016']",63332009R,MINI,"[{'address': 'MINI Kuwait | ميني الكويت, Airport Road, 55 12 St, 70651, Kuwait', 'location': 'https://maps.app.goo.gl/tyvk8dxuht43NAEj7'}]",images_2/MINI/MINI___COOPER_COUNTRYMAN___1.6L_L4___Rotor___63332009R___67254.jpg,,54,0,0,,,0,0,original,0,0,1,,Front Right,,,,,,,0,,0,,,0,,,14/08/2024,1,1,Rotor,,,,Accepted,500,,MINI,2012,COOPER COUNTRYMAN,https://www.rockauto.com/info/2100/631-32009R_v1_1__ra_m.jpg,دوار
43,"Brake & Wheel Hub ['ACURA', '2014-2022', 'AUDI', '2015-2024', 'BMW', '2014-2024', 'BUICK', '2010-2022', 'CADILLAC', '2013-2020', 'CHEVROLET', '2013-2023', 'CHRYSLER', '2015-2017', 'FIAT', '2016-2023', 'FORD', '2013-2019', 'GMC', '2018-2021', 'HONDA', '2016-2023', 'INFINITI', '2019-2020', 'JEEP', '2014-2023', 'LAND ROVER', '2010-2019', 'LINCOLN', '2013-2019', 'MAZDA', '2017-2020', 'MERCEDES-BENZ', '2017-2024', 'MINI', '2016-2023', 'NISSAN', '2018-2022', 'SAAB', '2010-2011', 'TOYOTA', '2020-2021', 'VOLKSWAGEN', '2013-2023']",16512K,MINI,"[{'address': 'MINI Kuwait | ميني الكويت, Airport Road, 55 12 St, 70651, Kuwait', 'location': 'https://maps.app.goo.gl/tyvk8dxuht43NAEj7'}]",images_2/MINI/MINI___COOPER_COUNTRYMAN___1.5L_L3_Turbocharged___Caliper_Slide_Pin_Boot___Bushing___16512K___61735.jpg,,3,0,0,,,0,0,original,0,0,1,,Front,,,,,,,0,,0,,,0,,,14/08/2024,1,1,Caliper Slide Pin Boot / Bushing,,,,Accepted,500,,MINI,2023,COOPER COUNTRYMAN,https://www.rockauto.com/info/625/16512K__ra_m.jpg,غلاف / خرطوشة دبوس انزلاق المكابح
43,"Brake & Wheel Hub ['ACURA', '2021', 'ALFA ROMEO', '2021', 'AUDI', '2000-2024', 'BMW', '1998-2023', 'BUICK', '2016-2020', 'CHRYSLER', '2001-2023', 'DODGE', '2006-2023', 'FIAT', '2012-2020', 'FORD', '2003-2022', 'HONDA', '2016-2023', 'JAGUAR', '1996-2018', 'JEEP', '2011-2014', 'LAND ROVER', '2010-2015', 'LINCOLN', '2003-2022', 'MAZDA', '2006-2015', 'MERCEDES-BENZ', '1995-2023', 'MERCURY', '2005-2006', 'MINI', '2007-2019', 'PONTIAC', '2007', 'RAM', '2015-2016', 'SAAB', '2004-2010', 'SATURN', '2001-2010', 'VOLKSWAGEN', '2006-2023', 'VOLVO', '2006-2023']",16113K,MINI,"[{'address': 'MINI Kuwait | ميني الكويت, Airport Road, 55 12 St, 70651, Kuwait', 'location': 'https://maps.app.goo.gl/tyvk8dxuht43NAEj7'}]",images_2/MINI/MINI___COOPER_COUNTRYMAN___1.5L_L3_Turbocharged___Caliper_Slide_Pin_Boot___Bushing___16113K___64473.jpg,,3,0,0,,,0,0,original,0,0,1,,Rear,,,,,,,0,,0,,,0,,,14/08/2024,1,1,Caliper Slide Pin Boot / Bushing,,,,Accepted,500,,MINI,2023,COOPER COUNTRYMAN,https://www.rockauto.com/info/625/16113K__ra_m.jpg,غلاف / خرطوشة دبوس انزلاق المكابح
43,"Electrical-Switch & Relay ['BMW', '1 SERIES M', '2011', 'BMW', '128I', '2008-2013', 'BMW', '135I', '2008-2013', 'BMW', '228I', '2014-2016', 'BMW', '318I', '1992-1998', 'BMW', '318IS', '1992-1997', 'BMW', '318TI', '1995-1999', 'BMW', '320I', '2013-2016', 'BMW', '323CI', '2000', 'BMW', '323I', '1998-2000', 'BMW', '323IS', '1998-1999', 'BMW', '325CI', '2001-2006', 'BMW', '325I', '1992-2006', 'BMW', '325IS', '1992-1995', 'BMW', '325XI', '2001-2006', 'BMW', '328CI', '2000', 'BMW', '328I', '1996-2016', 'BMW', '328IS', '1996-1999', 'BMW', '328XI', '2007-2008', 'BMW', '330CI', '2001-2006', 'BMW', '330I', '2001-2006', 'BMW', '330XI', '2001-2006', 'BMW', '335I', '2007-2015', 'BMW', '335IS', '2011-2013', 'BMW', '335XI', '2007-2008', 'BMW', '340I', '2016', 'BMW', '428I', '2014-2016', 'BMW', '435I', '2014-2016', 'BMW', '525I', '1992-2007', 'BMW', '525XI', '2006-2007', 'BMW', '528I', '1997-2010', 'BMW', '528XI', '2008', 'BMW', '530I', '1994-2007', 'BMW', '530XI', '2006-2007', 'BMW', '535I', '1992-2016', 'BMW', '535XI', '2008', 'BMW', '540I', '1994-2003', 'BMW', '545I', '2004-2005', 'BMW', '550I', '2006-2013', 'BMW', '645CI', '2004-2005', 'BMW', '650I', '2009-2013', 'BMW', '850CI', '1993-1994', 'BMW', '850CSI', '1994-1995', 'BMW', '850I', '1991-1992', 'BMW', 'M235I', '2014-2016', 'BMW', 'M3', '1995-2016', 'BMW', 'M4', '2015-2016', 'BMW', 'M5', '1992-2013', 'BMW', 'M6', '2008-2010', 'BMW', 'X3', '2004-2010', 'BMW', 'X5', '2001-2006', 'BMW', 'Z3', '1996-2002', 'BMW', 'Z4', '2003-2013', 'BMW', 'Z8', '2000-2003', 'JAGUAR', 'S-TYPE', '2003-2004', 'MINI', 'COOPER', '2005-2016', 'MINI', 'COOPER CLUBMAN', '2016', 'MINI', 'COOPER COUNTRYMAN', '2011-2016', 'MINI', 'COOPER PACEMAN', '2013-2016']",76131,MINI,"[{'address': 'MINI Kuwait | ميني الكويت, Airport Road, 55 12 St, 70651, Kuwait', 'location': 'https://maps.app.goo.gl/tyvk8dxuht43NAEj7'}]",images_2/MINI/MINI___COOPER_CLUBMAN___1.5L_L3_Turbocharged___Back_Up_Lamp_Switch___76131___70946.jpg,,7,0,0,,,0,0,original,0,0,1,,,,,,,,,0,,0,,,0,,,14/08/2024,1,1,Back Up Lamp Switch,,,,Accepted,500,,MINI,2016,COOPER CLUBMAN,https://www.rockauto.com/info/1085/7.6131__ra_m.jpg,مفتاح مصباح الرجوع للخلف
43,"Body & Lamp Assembly ['MINI', 'COOPER', '2007-2015']",MC1320104,MINI,"[{'address': 'MINI Kuwait | ميني الكويت, Airport Road, 55 12 St, 70651, Kuwait', 'location': 'https://maps.app.goo.gl/tyvk8dxuht43NAEj7'}]",images_2/MINI/MINI___COOPER___1.6L_L4_DOHC___Outside_Mirror___Glass_Assembly___MC1320104___61939.jpg,,37,0,0,,,0,0,original,0,0,1,,Left,,,,,,,0,,0,,,0,,,14/08/2024,1,1,Outside Mirror & Glass Assembly,,,,Accepted,500,,MINI,2009,COOPER,https://www.rockauto.com/info/69/T2_A1MC104L_Fro__ra_m.jpg,مجموعة مرآة وزجاج خارجية
43,"Body & Lamp Assembly ['MINI', 'COOPER', '2007-2015']",8520141,MINI,"[{'address': 'MINI Kuwait | ميني الكويت, Airport Road, 55 12 St, 70651, Kuwait', 'location': 'https://maps.app.goo.gl/tyvk8dxuht43NAEj7'}]",images_2/MINI/MINI___COOPER___1.6L_L4_DOHC___Outside_Mirror___Glass_Assembly___8520141___80580.jpg,,64,0,0,,,0,0,original,0,0,1,,Right,,,,,,,0,,0,,,0,,,14/08/2024,1,1,Outside Mirror & Glass Assembly,,,,Accepted,500,,MINI,2009,COOPER,https://www.rockauto.com/info/41/8520141_1__ra_m.jpg,مجموعة مرآة وزجاج خارجية
43,"Body & Lamp Assembly ['MINI', 'COOPER', '2007-2015']",MC1321103,MINI,"[{'address': 'MINI Kuwait | ميني الكويت, Airport Road, 55 12 St, 70651, Kuwait', 'location': 'https://maps.app.goo.gl/tyvk8dxuht43NAEj7'}]",images_2/MINI/MINI___COOPER___1.6L_L4_DOHC___Outside_Mirror___Glass_Assembly___MC1321103___82480.jpg,,72,0,0,,,0,0,original,0,0,1,,,,,,,,,0,,0,,,0,,,14/08/2024,1,1,Outside Mirror & Glass Assembly,,,,Accepted,500,,MINI,2009,COOPER,https://www.rockauto.com/info/69/T2_A1MC103R_Fro__ra_m.jpg,مجموعة مرآة وزجاج خارجية
43,"Electrical-Bulb & Socket ['ACURA', '1997-2022', 'ALFA ROMEO', '2012-2021', 'AMERICAN MOTORS', '1972-1978', 'ASTON MARTIN', '2013-2017', 'AUDI', '1998-2020', 'AVANTI', '1972-1973', 'BENTLEY', '2011-2018', 'BMW', '1969-2020', 'BUICK', '1963-2020', 'CADILLAC', '1998-2020', 'CHEVROLET', '1960-2020', 'CHRYSLER', '1972-2021', 'DODGE', '1970-2021', 'FERRARI', '2007-2019', 'FIAT', '1980-2020', 'FORD', '1961-2022', 'FREIGHTLINER', '2002-2018', 'GEO', '1989-1994', 'GMC', '1960-2020', 'HONDA', '1998-2019', 'HUMMER', '2002-2005', 'HYUNDAI', '1999-2022', 'INFINITI', '2004-2022', 'INTERNATIONAL', '1913-1974', 'ISUZU', '1999-2008', 'JAGUAR', '1998-2019', 'JEEP', '1962-2021', 'KIA', '2003-2022', 'LAMBORGHINI', '2010', 'LAND ROVER', '1995-2019', 'LEXUS', '1990-2022', 'LINCOLN', '1966-2022', 'MASERATI', '1983-2019', 'MAYBACH', '2004-2008', 'MAZDA', '1990-2017', 'MERCEDES-BENZ', '1998-2020', 'MERCURY', '1962-2011', 'MINI', '2007-2019', 'MITSUBISHI', '1991-2020', 'NISSAN', '1975-2022', 'OLDSMOBILE', '1964-2003', 'PASSPORT', '1990', 'PEUGEOT', '1980-2018', 'PLYMOUTH', '1969-2000', 'PONTIAC', '1966-2010', 'PORSCHE', '1998-2020', 'RAM', '2011-2021', 'RENAULT', '1983-2016', 'ROLLS-ROYCE', '1971-2013', 'SAAB', '1995-2010', 'SATURN', '1993-2010', 'SCION', '2008-2012', 'SEAT', '2008-2016', 'SMART', '2004-2018', 'SUBARU', '1978-2022', 'SUZUKI', '1985-2014', 'THINK', '2011', 'TOYOTA', '1968-2022', 'TRIUMPH', '1978-1979', 'VOLKSWAGEN', '1981-2020', 'VOLVO', '1967-2018', 'YUGO', '1988-1990']",12961WLED,MINI,"[{'address': 'MINI Kuwait | ميني الكويت, Airport Road, 55 12 St, 70651, Kuwait', 'location': 'https://maps.app.goo.gl/tyvk8dxuht43NAEj7'}]",images_2/MINI/MINI___COOPER_CLUBMAN___1.5L_L3_Turbocharged___Parking_Lamp_Bulb___12961WLED___86882.jpg,,6,0,0,,,0,0,original,0,0,1,,,,,,,,,0,,0,,,0,,,14/08/2024,1,1,Parking Lamp Bulb,,,,Accepted,500,,MINI,2018,COOPER CLUBMAN,https://www.rockauto.com/info/685/12961WLED_Front__ra_m.jpg,لمبة مصباح الوقوف
43,"Brake & Wheel Hub ['MINI', 'COOPER', '2014-2020']",345071,MINI,"[{'address': 'MINI Kuwait | ميني الكويت, Airport Road, 55 12 St, 70651, Kuwait', 'location': 'https://maps.app.goo.gl/tyvk8dxuht43NAEj7'}]",images_2/MINI/MINI___COOPER___1.5L_L3_Turbocharged___Caliper___345071___97200.jpg,,128,0,0,,,0,0,original,0,0,1,,Front Right,,,,,,,0,,0,,,0,,,14/08/2024,1,1,Caliper,,,,Accepted,500,,MINI,2014,COOPER,https://www.rockauto.com/info/949/141.34165_Front__ra_m.jpg,الأسطوانة
43,"Brake & Wheel Hub ['MINI', 'COOPER', '2014-2020']",345070,MINI,"[{'address': 'MINI Kuwait | ميني الكويت, Airport Road, 55 12 St, 70651, Kuwait', 'location': 'https://maps.app.goo.gl/tyvk8dxuht43NAEj7'}]",images_2/MINI/MINI___COOPER___1.5L_L3_Turbocharged___Caliper___345070___96343.jpg,,128,0,0,,,0,0,original,0,0,1,,Front Left,,,,,,,0,,0,,,0,,,14/08/2024,1,1,Caliper,,,,Accepted,500,,MINI,2014,COOPER,https://www.rockauto.com/info/1/19B7302-BAC__ra_m.jpg,الأسطوانة
43,"Brake & Wheel Hub ['MINI', 'COOPER', '2007-2016']",14134587,MINI,"[{'address': 'MINI Kuwait | ميني الكويت, Airport Road, 55 12 St, 70651, Kuwait', 'location': 'https://maps.app.goo.gl/tyvk8dxuht43NAEj7'}]",images_2/MINI/MINI___COOPER___1.5L_L3_Turbocharged___Caliper___14134587___82635.jpg,,37,0,0,,,0,0,original,0,0,1,,,,,,,,,0,,0,,,0,,,14/08/2024,1,1,Caliper,,,,Accepted,500,,MINI,2014,COOPER,https://www.rockauto.com/info/949/141.34587_Front__ra_m.jpg,الأسطوانة
43,"Brake & Wheel Hub ['MINI', 'COOPER', '2014-2020']",345041,MINI,"[{'address': 'MINI Kuwait | ميني الكويت, Airport Road, 55 12 St, 70651, Kuwait', 'location': 'https://maps.app.goo.gl/tyvk8dxuht43NAEj7'}]",images_2/MINI/MINI___COOPER___1.5L_L3_Turbocharged___Caliper___345041___74546.jpg,,127,0,0,,,0,0,original,0,0,1,,Rear Right,,,,,,,0,,0,,,0,,,14/08/2024,1,1,Caliper,,,,Accepted,500,,MINI,2014,COOPER,https://www.rockauto.com/info/1/19B7298-ANG__ra_m.jpg,الأسطوانة
43,"Body & Lamp Assembly ['MINI', 'COOPER', '2014-2021']",3824001LAC,MINI,"[{'address': 'MINI Kuwait | ميني الكويت, Airport Road, 55 12 St, 70651, Kuwait', 'location': 'https://maps.app.goo.gl/tyvk8dxuht43NAEj7'}]",images_2/MINI/MINI___COOPER___1.5L_L3_Turbocharged___Fog___Driving_Lamp_Assembly___3824001LAC___98757.jpg,,14,0,0,,,0,0,original,0,0,1,,,,,,,,,0,,0,,,0,,,14/08/2024,1,1,Fog / Driving Lamp Assembly,,,,Accepted,500,,MINI,2019,COOPER,https://www.rockauto.com/info/831/382-4001L-AC__ra_m.jpg,مجموعة مصابيح الضباب / القيادة
43,"Body & Lamp Assembly ['MINI', 'COOPER', '2015-2019']",MC2562100,MINI,"[{'address': 'MINI Kuwait | ميني الكويت, Airport Road, 55 12 St, 70651, Kuwait', 'location': 'https://maps.app.goo.gl/tyvk8dxuht43NAEj7'}]",images_2/MINI/MINI___COOPER___1.5L_L3_Turbocharged___Fog___Driving_Lamp_Assembly___MC2562100___13807.jpg,,61,0,0,,,0,0,original,0,0,1,,Left,,,,,,,0,,0,,,0,,,14/08/2024,1,1,Fog / Driving Lamp Assembly,,,,Accepted,500,,MINI,2019,COOPER,https://www.rockauto.com/info/69/MZN882-1606L3AQ__ra_m.jpg,مجموعة مصابيح الضباب / القيادة
43,"Body & Lamp Assembly ['MINI', 'COOPER', '2015-2019']",MC2563100,MINI,"[{'address': 'MINI Kuwait | ميني الكويت, Airport Road, 55 12 St, 70651, Kuwait', 'location': 'https://maps.app.goo.gl/tyvk8dxuht43NAEj7'}]",images_2/MINI/MINI___COOPER___1.5L_L3_Turbocharged___Fog___Driving_Lamp_Assembly___MC2563100___16541.jpg,,60,0,0,,,0,0,original,0,0,1,,Right,,,,,,,0,,0,,,0,,,14/08/2024,1,1,Fog / Driving Lamp Assembly,,,,Accepted,500,,MINI,2019,COOPER,https://www.rockauto.com/info/69/MZN882-1606R3AQ__ra_m.jpg,مجموعة مصابيح الضباب / القيادة
43,"Brake & Wheel Hub ['MINI', 'COOPER COUNTRYMAN', '2011-2016', 'MINI', 'COOPER PACEMAN', '2013-2016']",9902442A,MINI,"[{'address': 'MINI Kuwait | ميني الكويت, Airport Road, 55 12 St, 70651, Kuwait', 'location': 'https://maps.app.goo.gl/tyvk8dxuht43NAEj7'}]",images_2/MINI/MINI___COOPER_PACEMAN___1.6L_L4___Caliper___9902442A___3850.jpg,,36,0,0,,,0,0,original,0,0,1,,Front Left,,,,,,,0,,0,,,0,,,14/08/2024,1,1,Caliper,,,,Accepted,500,,MINI,2013,COOPER PACEMAN,https://www.rockauto.com/info/678/99-02442A_ANG__ra_m.jpg,الأسطوانة
43,"Brake & Wheel Hub ['MINI', 'COOPER COUNTRYMAN', '2011-2016', 'MINI', 'COOPER PACEMAN', '2013-2016']",9902442B,MINI,"[{'address': 'MINI Kuwait | ميني الكويت, Airport Road, 55 12 St, 70651, Kuwait', 'location': 'https://maps.app.goo.gl/tyvk8dxuht43NAEj7'}]",images_2/MINI/MINI___COOPER_PACEMAN___1.6L_L4___Caliper___9902442B___61703.jpg,,36,0,0,,,0,0,original,0,0,1,,Front Right,,,,,,,0,,0,,,0,,,14/08/2024,1,1,Caliper,,,,Accepted,500,,MINI,2013,COOPER PACEMAN,https://www.rockauto.com/info/678/99-02442B_ANG__ra_m.jpg,الأسطوانة
43,"Brake & Wheel Hub ['MINI', 'COOPER COUNTRYMAN', '2011-2016', 'MINI', 'COOPER PACEMAN', '2013-2016']",99P02445A,MINI,"[{'address': 'MINI Kuwait | ميني الكويت, Airport Road, 55 12 St, 70651, Kuwait', 'location': 'https://maps.app.goo.gl/tyvk8dxuht43NAEj7'}]",images_2/MINI/MINI___COOPER_PACEMAN___1.6L_L4___Caliper___99P02445A___58412.jpg,,44,0,0,,,0,0,original,0,0,1,,Rear Right,,,,,,,0,,0,,,0,,,14/08/2024,1,1,Caliper,,,,Accepted,500,,MINI,2013,COOPER PACEMAN,https://www.rockauto.com/info/678/99P02445A_ANG__ra_m.jpg,الأسطوانة
43,"Brake & Wheel Hub ['MINI', 'COOPER COUNTRYMAN', '2011-2016', 'MINI', 'COOPER PACEMAN', '2013-2016']",19B6680,MINI,"[{'address': 'MINI Kuwait | ميني الكويت, Airport Road, 55 12 St, 70651, Kuwait', 'location': 'https://maps.app.goo.gl/tyvk8dxuht43NAEj7'}]",images_2/MINI/MINI___COOPER_PACEMAN___1.6L_L4___Caliper___19B6680___68586.jpg,,52,0,0,,,0,0,original,0,0,1,,Rear Left,,,,,,,0,,0,,,0,,,14/08/2024,1,1,Caliper,,,,Accepted,500,,MINI,2013,COOPER PACEMAN,https://www.rockauto.com/info/1/19B6680-BAC__ra_m.jpg,الأسطوانة
43,"Electrical-Switch & Relay ['BMW', '1 SERIES M', '2011', 'BMW', '128I', '2008-2013', 'BMW', '135I', '2008-2013', 'BMW', '320I', '2013-2018', 'BMW', '325CI', '2002-2004', 'BMW', '325I', '2002-2004', 'BMW', '325XI', '2002-2004', 'BMW', '328I', '2008-2016', 'BMW', '328XI', '2008', 'BMW', '330CI', '2002-2004', 'BMW', '330I', '2002-2004', 'BMW', '330XI', '2002-2004', 'BMW', '335I', '2008-2015', 'BMW', '335IS', '2011-2013', 'BMW', '335XI', '2008', 'BMW', '428I', '2014-2016', 'BMW', '435I', '2014-2016', 'BMW', '525I', '2007', 'BMW', '525XI', '2007', 'BMW', '528I', '2008-2012', 'BMW', '528XI', '2008', 'BMW', '530I', '2007', 'BMW', '530XI', '2007', 'BMW', '535I', '2008-2016', 'BMW', '535XI', '2008', 'BMW', '550I', '2007-2010', 'BMW', '645CI', '2004-2005', 'BMW', '650I', '2008-2012', 'BMW', 'M3', '2008-2016', 'BMW', 'M5', '2007-2010', 'BMW', 'M6', '2007-2010', 'BMW', 'X3', '2004-2010', 'BMW', 'X5', '2002-2004', 'BMW', 'Z4', '2003-2016', 'MINI', 'COOPER', '2007-2018', 'MINI', 'COOPER COUNTRYMAN', '2011-2018', 'MINI', 'COOPER PACEMAN', '2013-2016']",1S6928,MINI,"[{'address': 'MINI Kuwait | ميني الكويت, Airport Road, 55 12 St, 70651, Kuwait', 'location': 'https://maps.app.goo.gl/tyvk8dxuht43NAEj7'}]",images_2/MINI/MINI___COOPER_COUNTRYMAN___1.5L_L3_ELECTRIC_GAS_Turbocharged___Clutch_Pedal_Position___Starter_Safety_Switch___1S6928___71464.jpg,,53,0,0,,,0,0,original,0,0,1,,,,,,,,,0,,0,,,0,,,14/08/2024,1,1,Clutch Pedal Position / Starter Safety Switch,,,,Accepted,500,,MINI,2018,COOPER COUNTRYMAN,https://www.rockauto.com/info/903/1S6928__ra_m.jpg,مفتاح وضع دواسة القابض / مفتاح الأمان للتشغيل
43,"Cooling System ['MINI', 'COOPER', '2007-2015', 'MINI', 'COOPER COUNTRYMAN', '2011-2016', 'MINI', 'COOPER PACEMAN', '2013-2016']",V202322,MINI,"[{'address': 'MINI Kuwait | ميني الكويت, Airport Road, 55 12 St, 70651, Kuwait', 'location': 'https://maps.app.goo.gl/tyvk8dxuht43NAEj7'}]",images_2/MINI/MINI___COOPER_COUNTRYMAN___1.6L_L4___Water_Pump_Pulley___V202322___94861.jpg,,35,0,0,,,0,0,original,0,0,1,,,,,,,,,0,,0,,,0,,,14/08/2024,1,1,Water Pump Pulley,,,,Accepted,500,,MINI,2015,COOPER COUNTRYMAN,https://www.rockauto.com/info/1097/V20-2322_02__ra_m.jpg,بكرة مضخة الماء
